Uuid,Aid,Devid,Roomid,Date,Roomtype,Devtype,Initpower,Initusually,Initpeak,Initvalley,Inittip,Lastpower,Lastusually,Lastpeak,Lastvalley,Lasttip,Apportion,Price,Pricepeak,Pricevalley,Pricetip,Watermoney,Waterpower,Usually,Tip,Peak,Valley,Allpower,ApportionMoney,Allmoney,Status,Mark,Apportions,Ltime,Expand,Adduid,Lastuid,Addtime,Lasttime
66f43de923ca974434759ea3,000000000000000000000000,60eebd0c0ae10f6077b53548,6607eef30ae10f73dc7ecf1c,2024-09-26,1,64,3714.18,0,0,0,0,3720.03,0,0,0,0,0,1.3,0,0,0,0.0,0.0,0,0,0,0,5.85,0,7.605,0,,[],2024-09-26T19:53:58.206+08:00,,000000000000000000000000,000000000000000000000000,2024-09-26T00:44:25.414+08:00,2024-09-26T00:44:25.414+08:00
66f2ee3023ca97443468872a,000000000000000000000000,60eebd0c0ae10f6077b53548,6607eef30ae10f73dc7ecf1c,2024-09-25,1,64,3708.83,0,0,0,0,3714.18,0,0,0,0,0,1.3,0,0,0,5.0,3.8462,0,0,0,0,9.1962,0,16.9551,0,,"[{'Devid': '6257ecfc0ae10f54b9067940', 'Roomid': '6259035f0ae10f54b9094adb', 'Type': 2, 'Sumpercent': 1, 'Percent': 1, 'Value': 0.1, 'Money': 5, 'Power': 0}]",2024-09-25T23:44:08.145+08:00,,000000000000000000000000,000000000000000000000000,2024-09-25T00:52:00.632+08:00,2024-09-25T00:52:00.632+08:00
66f19b7423ca971e32476e7f,000000000000000000000000,60eebd0c0ae10f6077b53548,6607eef30ae10f73dc7ecf1c,2024-09-24,1,64,3703.86,0,0,0,0,3708.83,0,0,0,0,0,1.3,0,0,0,2.5,1.9231,0,0,0,0,6.8931,0,11.461,0,,"[{'Devid': '6257ecfc0ae10f54b9067940', 'Roomid': '6259035f0ae10f54b9094adb', 'Type': 2, 'Sumpercent': 1, 'Percent': 1, 'Value': 0.05, 'Money': 2.5, 'Power': 0}]",2024-09-24T23:51:43.734+08:00,,000000000000000000000000,000000000000000000000000,2024-09-24T00:46:44.413+08:00,2024-09-24T00:46:44.413+08:00
66f04c5423ca971e323ac598,000000000000000000000000,60eebd0c0ae10f6077b53548,6607eef30ae10f73dc7ecf1c,2024-09-23,1,64,3699.0,0,0,0,0,3703.86,0,0,0,0,0,1.3,0,0,0,1.5,1.1538,0,0,0,0,6.0138,0,9.3179,0,,"[{'Devid': '6257ecfc0ae10f54b9067940', 'Roomid': '6259035f0ae10f54b9094adb', 'Type': 2, 'Sumpercent': 1, 'Percent': 1, 'Value': 0.03, 'Money': 1.5, 'Power': 0}]",2024-09-23T23:46:27.677+08:00,,000000000000000000000000,000000000000000000000000,2024-09-23T00:56:52.055+08:00,2024-09-23T00:56:52.055+08:00
66eef9bc23ca971e322ba217,000000000000000000000000,60eebd0c0ae10f6077b53548,6607eef30ae10f73dc7ecf1c,2024-09-22,1,64,3692.35,0,0,0,0,3699.0,0,0,0,0,0,1.3,0,0,0,12.0,9.2308,0,0,0,0,15.8808,0,32.645,0,,"[{'Devid': '6257ecfc0ae10f54b9067940', 'Roomid': '6259035f0ae10f54b9094adb', 'Type': 2, 'Sumpercent': 1, 'Percent': 1, 'Value': 0.24, 'Money': 12, 'Power': 0}]",2024-09-22T23:56:34.923+08:00,,000000000000000000000000,000000000000000000000000,2024-09-22T00:52:12.449+08:00,2024-09-22T00:52:12.449+08:00
66eda7f323ca971e321cd8da,000000000000000000000000,60eebd0c0ae10f6077b53548,6607eef30ae10f73dc7ecf1c,2024-09-21,1,64,3684.02,0,0,0,0,3692.35,0,0,0,0,0,1.3,0,0,0,5.0,3.8462,0,0,0,0,12.1762,0,20.8291,0,,"[{'Devid': '6257ecfc0ae10f54b9067940', 'Roomid': '6259035f0ae10f54b9094adb', 'Type': 2, 'Sumpercent': 1, 'Percent': 1, 'Value': 0.1, 'Money': 5, 'Power': 0}]",2024-09-21T23:51:55.488+08:00,,000000000000000000000000,000000000000000000000000,2024-09-21T00:50:59.151+08:00,2024-09-21T00:50:59.151+08:00
66ec555323ca971e320d7ccb,000000000000000000000000,60eebd0c0ae10f6077b53548,6607eef30ae10f73dc7ecf1c,2024-09-20,1,64,3674.27,0,0,0,0,3684.02,0,0,0,0,0,1.3,0,0,0,2.5,1.9231,0,0,0,0,11.6731,0,17.675,0,,"[{'Devid': '6257ecfc0ae10f54b9067940', 'Roomid': '6259035f0ae10f54b9094adb', 'Type': 2, 'Sumpercent': 1, 'Percent': 1, 'Value': 0.05, 'Money': 2.5, 'Power': 0}]",2024-09-20T23:50:41.839+08:00,,000000000000000000000000,000000000000000000000000,2024-09-20T00:46:11.471+08:00,2024-09-20T00:46:11.471+08:00
66eb068b23ca971e32010857,000000000000000000000000,60eebd0c0ae10f6077b53548,6607eef30ae10f73dc7ecf1c,2024-09-19,1,64,3665.71,0,0,0,0,3674.27,0,0,0,0,0,1.3,0,0,0,2.5,1.9231,0,0,0,0,10.4831,0,16.128,0,,"[{'Devid': '6257ecfc0ae10f54b9067940', 'Roomid': '6259035f0ae10f54b9094adb', 'Type': 2, 'Sumpercent': 1, 'Percent': 1, 'Value': 0.05, 'Money': 2.5, 'Power': 0}]",2024-09-19T23:45:54.249+08:00,,000000000000000000000000,000000000000000000000000,2024-09-19T00:57:47.447+08:00,2024-09-19T00:57:47.447+08:00
66e9aa8e23ca971e32e9aadb,000000000000000000000000,60eebd0c0ae10f6077b53548,6607eef30ae10f73dc7ecf1c,2024-09-18,1,64,3654.84,0,0,0,0,3665.71,0,0,0,0,0,1.3,0,0,0,3.5,2.6923,0,0,0,0,13.5623,0,21.131,0,,"[{'Devid': '6257ecfc0ae10f54b9067940', 'Roomid': '6259035f0ae10f54b9094adb', 'Type': 2, 'Sumpercent': 1, 'Percent': 1, 'Value': 0.07, 'Money': 3.5, 'Power': 0}]",2024-09-18T23:57:30.388+08:00,,000000000000000000000000,000000000000000000000000,2024-09-18T00:13:02.986+08:00,2024-09-18T00:13:02.986+08:00
66e860af23ca971e32e25728,000000000000000000000000,60eebd0c0ae10f6077b53548,6607eef30ae10f73dc7ecf1c,2024-09-17,1,64,3645.51,0,0,0,0,3654.84,0,0,0,0,0,1.3,0,0,0,0.0,0.0,0,0,0,0,9.33,0,12.129,0,,[],2024-09-17T23:12:45.779+08:00,,000000000000000000000000,000000000000000000000000,2024-09-17T00:45:35.855+08:00,2024-09-17T00:45:35.855+08:00
66e711a323ca971e32d5bbad,000000000000000000000000,60eebd0c0ae10f6077b53548,6607eef30ae10f73dc7ecf1c,2024-09-16,1,64,3637.13,0,0,0,0,3645.51,0,0,0,0,0,1.3,0,0,0,2.0,1.5385,0,0,0,0,9.9185,0,14.8941,0,,"[{'Devid': '6257ecfc0ae10f54b9067940', 'Roomid': '6259035f0ae10f54b9094adb', 'Type': 2, 'Sumpercent': 1, 'Percent': 1, 'Value': 0.04, 'Money': 2, 'Power': 0}]",2024-09-16T23:45:18.519+08:00,,000000000000000000000000,000000000000000000000000,2024-09-16T00:56:03.975+08:00,2024-09-16T00:56:03.975+08:00
66e5bfa623ca9741a5d8da9b,000000000000000000000000,60eebd0c0ae10f6077b53548,6607eef30ae10f73dc7ecf1c,2024-09-15,1,64,3627.35,0,0,0,0,3637.13,0,0,0,0,0,1.3,0,0,0,3.0,2.3077,0,0,0,0,12.0877,0,18.714,0,,"[{'Devid': '6257ecfc0ae10f54b9067940', 'Roomid': '6259035f0ae10f54b9094adb', 'Type': 2, 'Sumpercent': 1, 'Percent': 1, 'Value': 0.06, 'Money': 3, 'Power': 0}]",2024-09-15T23:55:46.499+08:00,,000000000000000000000000,000000000000000000000000,2024-09-15T00:53:58.895+08:00,2024-09-15T00:53:58.895+08:00
66e4683c23ca9741a5c5e0a4,000000000000000000000000,60eebd0c0ae10f6077b53548,6607eef30ae10f73dc7ecf1c,2024-09-14,1,64,3617.17,0,0,0,0,3627.35,0,0,0,0,0,1.3,0,0,0,1.5,1.1538,0,0,0,0,11.3338,0,16.2339,0,,"[{'Devid': '6257ecfc0ae10f54b9067940', 'Roomid': '6259035f0ae10f54b9094adb', 'Type': 2, 'Sumpercent': 1, 'Percent': 1, 'Value': 0.03, 'Money': 1.5, 'Power': 0}]",2024-09-14T23:53:41.171+08:00,,000000000000000000000000,000000000000000000000000,2024-09-14T00:28:44.794+08:00,2024-09-14T00:28:44.794+08:00
66e3187723ca9741a5b8fbe7,000000000000000000000000,60eebd0c0ae10f6077b53548,6607eef30ae10f73dc7ecf1c,2024-09-13,1,64,3604.08,0,0,0,0,3617.17,0,0,0,0,0,1.3,0,0,0,10.0,7.6923,0,0,0,0,20.7823,0,37.017,0,,"[{'Devid': '6257ecfc0ae10f54b9067940', 'Roomid': '6259035f0ae10f54b9094adb', 'Type': 2, 'Sumpercent': 1, 'Percent': 1, 'Value': 0.2, 'Money': 10, 'Power': 0}]",2024-09-13T23:28:27.409+08:00,,000000000000000000000000,000000000000000000000000,2024-09-13T00:36:07.181+08:00,2024-09-13T00:36:07.181+08:00
66e1c9b523ca9741a5ac67fc,000000000000000000000000,60eebd0c0ae10f6077b53548,6607eef30ae10f73dc7ecf1c,2024-09-12,1,64,3594.69,0,0,0,0,3604.08,0,0,0,0,0,1.3,0,0,0,0.0,0.0,0,0,0,0,9.39,0,12.207,0,,[],2024-09-12T23:50:48.96+08:00,,000000000000000000000000,000000000000000000000000,2024-09-12T00:47:49.059+08:00,2024-09-12T00:47:49.059+08:00
66e0788723ca9741a59e860d,000000000000000000000000,60eebd0c0ae10f6077b53548,6607eef30ae10f73dc7ecf1c,2024-09-11,1,64,3585.14,0,0,0,0,3594.69,0,0,0,0,0,1.3,0,0,0,8.0,6.1538,0,0,0,0,15.7038,0,28.4149,0,,"[{'Devid': '6257ecfc0ae10f54b9067940', 'Roomid': '6259035f0ae10f54b9094adb', 'Type': 2, 'Sumpercent': 1, 'Percent': 1, 'Value': 0.16, 'Money': 8, 'Power': 0}]",2024-09-11T23:47:31.433+08:00,,000000000000000000000000,000000000000000000000000,2024-09-11T00:49:11.634+08:00,2024-09-11T00:49:11.634+08:00
66df235923ca9741a58cd104,000000000000000000000000,60eebd0c0ae10f6077b53548,6607eef30ae10f73dc7ecf1c,2024-09-10,1,64,3576.63,0,0,0,0,3585.14,0,0,0,0,0,1.3,0,0,0,5.5,4.2308,0,0,0,0,12.7408,0,22.063,0,,"[{'Devid': '6257ecfc0ae10f54b9067940', 'Roomid': '6259035f0ae10f54b9094adb', 'Type': 2, 'Sumpercent': 1, 'Percent': 1, 'Value': 0.11, 'Money': 5.5, 'Power': 0}]",2024-09-10T23:48:54.701+08:00,,000000000000000000000000,000000000000000000000000,2024-09-10T00:33:29.436+08:00,2024-09-10T00:33:29.436+08:00
66ddd4de23ca9741a580e1f8,000000000000000000000000,60eebd0c0ae10f6077b53548,6607eef30ae10f73dc7ecf1c,2024-09-09,1,64,3565.38,0,0,0,0,3576.63,0,0,0,0,0,1.3,0,0,0,4.0,3.0769,0,0,0,0,14.3269,0,22.625,0,,"[{'Devid': '6257ecfc0ae10f54b9067940', 'Roomid': '6259035f0ae10f54b9094adb', 'Type': 2, 'Sumpercent': 1, 'Percent': 1, 'Value': 0.08, 'Money': 4, 'Power': 0}]",2024-09-09T23:33:12.342+08:00,,000000000000000000000000,000000000000000000000000,2024-09-09T00:46:22.443+08:00,2024-09-09T00:46:22.443+08:00
66dc850e23ca9741a57405df,000000000000000000000000,60eebd0c0ae10f6077b53548,6607eef30ae10f73dc7ecf1c,2024-09-08,1,64,3554.6,0,0,0,0,3565.38,0,0,0,0,0,1.3,0,0,0,6.5,5.0,0,0,0,0,15.78,0,27.014,0,,"[{'Devid': '6257ecfc0ae10f54b9067940', 'Roomid': '6259035f0ae10f54b9094adb', 'Type': 2, 'Sumpercent': 1, 'Percent': 1, 'Value': 0.13, 'Money': 6.5, 'Power': 0}]",2024-09-08T23:46:05.528+08:00,,000000000000000000000000,000000000000000000000000,2024-09-08T00:53:34.972+08:00,2024-09-08T00:53:34.972+08:00
66db318a23ca974f8124e883,000000000000000000000000,60eebd0c0ae10f6077b53548,6607eef30ae10f73dc7ecf1c,2024-09-07,1,64,3543.94,0,0,0,0,3554.6,0,0,0,0,0,1.3,0,0,0,3.5,2.6923,0,0,0,0,13.3523,0,20.858,0,,"[{'Devid': '6257ecfc0ae10f54b9067940', 'Roomid': '6259035f0ae10f54b9094adb', 'Type': 2, 'Sumpercent': 1, 'Percent': 1, 'Value': 0.07, 'Money': 3.5, 'Power': 0}]",2024-09-07T23:53:17.813+08:00,,000000000000000000000000,000000000000000000000000,2024-09-07T00:44:58.77+08:00,2024-09-07T00:44:58.77+08:00
66d9dce123ca974f81144b33,000000000000000000000000,60eebd0c0ae10f6077b53548,6607eef30ae10f73dc7ecf1c,2024-09-06,1,64,3531.16,0,0,0,0,3543.94,0,0,0,0,0,1.3,0,0,0,4.5,3.4615,0,0,0,0,16.2415,0,25.614,0,,"[{'Devid': '6257ecfc0ae10f54b9067940', 'Roomid': '6259035f0ae10f54b9094adb', 'Type': 2, 'Sumpercent': 1, 'Percent': 1, 'Value': 0.09, 'Money': 4.5, 'Power': 0}]",2024-09-06T23:44:41.596+08:00,,000000000000000000000000,000000000000000000000000,2024-09-06T00:31:29.876+08:00,2024-09-06T00:31:29.876+08:00
66d88f5d23ca974f81089f9b,000000000000000000000000,60eebd0c0ae10f6077b53548,6607eef30ae10f73dc7ecf1c,2024-09-05,1,64,3521.95,0,0,0,0,3531.16,0,0,0,0,0,1.3,0,0,0,3.5,2.6923,0,0,0,0,11.9023,0,18.973,0,,"[{'Devid': '6257ecfc0ae10f54b9067940', 'Roomid': '6259035f0ae10f54b9094adb', 'Type': 2, 'Sumpercent': 1, 'Percent': 1, 'Value': 0.07, 'Money': 3.5, 'Power': 0}]",2024-09-05T23:31:12.548+08:00,,000000000000000000000000,000000000000000000000000,2024-09-05T00:48:29.475+08:00,2024-09-05T00:48:29.475+08:00
66d73dc123ca974f81fa2dfb,000000000000000000000000,60eebd0c0ae10f6077b53548,6607eef30ae10f73dc7ecf1c,2024-09-04,1,64,3510.08,0,0,0,0,3521.95,0,0,0,0,0,1.3,0,0,0,3.0,2.3077,0,0,0,0,14.1777,0,21.431,0,,"[{'Devid': '6257ecfc0ae10f54b9067940', 'Roomid': '6259035f0ae10f54b9094adb', 'Type': 2, 'Sumpercent': 1, 'Percent': 1, 'Value': 0.06, 'Money': 3, 'Power': 0}]",2024-09-04T23:48:11.623+08:00,,000000000000000000000000,000000000000000000000000,2024-09-04T00:48:01.893+08:00,2024-09-04T00:48:01.893+08:00
66d5ec5f23ca974f81ebd33e,000000000000000000000000,60eebd0c0ae10f6077b53548,6607eef30ae10f73dc7ecf1c,2024-09-03,1,64,3499.44,0,0,0,0,3510.08,0,0,0,0,0,1.3,0,0,0,3.5,2.6923,0,0,0,0,13.3323,0,20.832,0,,"[{'Devid': '6257ecfc0ae10f54b9067940', 'Roomid': '6259035f0ae10f54b9094adb', 'Type': 2, 'Sumpercent': 1, 'Percent': 1, 'Value': 0.07, 'Money': 3.5, 'Power': 0}]",2024-09-03T23:47:44.304+08:00,,000000000000000000000000,000000000000000000000000,2024-09-03T00:48:31.798+08:00,2024-09-03T00:48:31.798+08:00
66d4963923ca974f81d9a0a1,000000000000000000000000,60eebd0c0ae10f6077b53548,6607eef30ae10f73dc7ecf1c,2024-09-02,1,64,3484.17,0,0,0,0,3499.44,0,0,0,0,0,1.3,0,0,0,5.0,3.8462,0,0,0,0,19.1162,0,29.8511,0,,"[{'Devid': '6257ecfc0ae10f54b9067940', 'Roomid': '6259035f0ae10f54b9094adb', 'Type': 2, 'Sumpercent': 1, 'Percent': 1, 'Value': 0.1, 'Money': 5, 'Power': 0}]",2024-09-02T23:48:14.822+08:00,,000000000000000000000000,000000000000000000000000,2024-09-02T00:28:41.584+08:00,2024-09-02T00:28:41.584+08:00
66d348b223ca974f81ce6f5d,000000000000000000000000,60eebd0c0ae10f6077b53548,6607eef30ae10f73dc7ecf1c,2024-09-01,1,64,3472.74,0,0,0,0,3484.17,0,0,0,0,0,1.3,0,0,0,5.5,4.2308,0,0,0,0,15.6608,0,25.859,0,,"[{'Devid': '6257ecfc0ae10f54b9067940', 'Roomid': '6259035f0ae10f54b9094adb', 'Type': 2, 'Sumpercent': 1, 'Percent': 1, 'Value': 0.11, 'Money': 5.5, 'Power': 0}]",2024-09-01T23:28:24.143+08:00,,000000000000000000000000,000000000000000000000000,2024-09-01T00:45:38.252+08:00,2024-09-01T00:45:38.252+08:00
66d1f80c23ca974f81c0dc7c,000000000000000000000000,60eebd0c0ae10f6077b53548,6607eef30ae10f73dc7ecf1c,2024-08-31,1,64,3461.4,0,0,0,0,3472.74,0,0,0,0,0,1.3,0,0,0,4.0,3.0769,0,0,0,0,14.4169,0,22.742,0,,"[{'Devid': '6257ecfc0ae10f54b9067940', 'Roomid': '6259035f0ae10f54b9094adb', 'Type': 2, 'Sumpercent': 1, 'Percent': 1, 'Value': 0.08, 'Money': 4, 'Power': 0}]",2024-08-31T23:45:20.514+08:00,,000000000000000000000000,000000000000000000000000,2024-08-31T00:49:16.574+08:00,2024-08-31T00:49:16.574+08:00
66d0a5d523ca974f81b238bb,000000000000000000000000,60eebd0c0ae10f6077b53548,6607eef30ae10f73dc7ecf1c,2024-08-30,1,64,3450.63,0,0,0,0,3461.4,0,0,0,0,0,1.3,0,0,0,4.0,3.0769,0,0,0,0,13.8469,0,22.001,0,,"[{'Devid': '6257ecfc0ae10f54b9067940', 'Roomid': '6259035f0ae10f54b9094adb', 'Type': 2, 'Sumpercent': 1, 'Percent': 1, 'Value': 0.08, 'Money': 4, 'Power': 0}]",2024-08-30T23:48:59.066+08:00,,000000000000000000000000,000000000000000000000000,2024-08-30T00:46:13.7+08:00,2024-08-30T00:46:13.7+08:00
66cf513523ca974f81a0fbdc,000000000000000000000000,60eebd0c0ae10f6077b53548,6607eef30ae10f73dc7ecf1c,2024-08-29,1,64,3439.6,0,0,0,0,3450.63,0,0,0,0,0,1.3,0,0,0,6.0,4.6154,0,0,0,0,15.6454,0,26.339,0,,"[{'Devid': '6257ecfc0ae10f54b9067940', 'Roomid': '6259035f0ae10f54b9094adb', 'Type': 2, 'Sumpercent': 1, 'Percent': 1, 'Value': 0.12, 'Money': 6, 'Power': 0}]",2024-08-29T23:45:55.987+08:00,,000000000000000000000000,000000000000000000000000,2024-08-29T00:32:53.987+08:00,2024-08-29T00:32:53.987+08:00
66ce041d23ca974f81964f8e,000000000000000000000000,60eebd0c0ae10f6077b53548,6607eef30ae10f73dc7ecf1c,2024-08-28,1,64,3431.72,0,0,0,0,3439.6,0,0,0,0,0,1.3,0,0,0,4.0,3.0769,0,0,0,0,10.9569,0,18.244,0,,"[{'Devid': '6257ecfc0ae10f54b9067940', 'Roomid': '6259035f0ae10f54b9094adb', 'Type': 2, 'Sumpercent': 1, 'Percent': 1, 'Value': 0.08, 'Money': 4, 'Power': 0}]",2024-08-28T23:32:36.651+08:00,,000000000000000000000000,000000000000000000000000,2024-08-28T00:51:41.48+08:00,2024-08-28T00:51:41.48+08:00
66ccb24f23ca974f8187c834,000000000000000000000000,60eebd0c0ae10f6077b53548,6607eef30ae10f73dc7ecf1c,2024-08-27,1,64,3420.51,0,0,0,0,3431.72,0,0,0,0,0,1.3,0,0,0,4.5,3.4615,0,0,0,0,14.6715,0,23.573,0,,"[{'Devid': '6257ecfc0ae10f54b9067940', 'Roomid': '6259035f0ae10f54b9094adb', 'Type': 2, 'Sumpercent': 1, 'Percent': 1, 'Value': 0.09, 'Money': 4.5, 'Power': 0}]",2024-08-27T23:51:23.746+08:00,,000000000000000000000000,000000000000000000000000,2024-08-27T00:50:23.691+08:00,2024-08-27T00:50:23.691+08:00
66cb612423ca974f817958ad,000000000000000000000000,60eebd0c0ae10f6077b53548,6607eef30ae10f73dc7ecf1c,2024-08-26,1,64,3405.5,0,0,0,0,3420.51,0,0,0,0,0,1.3,0,0,0,4.0,3.0769,0,0,0,0,18.0869,0,27.513,0,,"[{'Devid': '6257ecfc0ae10f54b9067940', 'Roomid': '6259035f0ae10f54b9094adb', 'Type': 2, 'Sumpercent': 1, 'Percent': 1, 'Value': 0.08, 'Money': 4, 'Power': 0}]",2024-08-26T23:50:05.236+08:00,,000000000000000000000000,000000000000000000000000,2024-08-26T00:51:48.616+08:00,2024-08-26T00:51:48.616+08:00
66ca0b0b23ca971c785b28c9,000000000000000000000000,60eebd0c0ae10f6077b53548,6607eef30ae10f73dc7ecf1c,2024-08-25,1,64,3392.58,0,0,0,0,3405.5,0,0,0,0,0,1.3,0,0,0,3.0,2.3077,0,0,0,0,15.2277,0,22.796,0,,"[{'Devid': '6257ecfc0ae10f54b9067940', 'Roomid': '6259035f0ae10f54b9094adb', 'Type': 2, 'Sumpercent': 1, 'Percent': 1, 'Value': 0.06, 'Money': 3, 'Power': 0}]",2024-08-25T23:51:30.929+08:00,,000000000000000000000000,000000000000000000000000,2024-08-25T00:32:11.508+08:00,2024-08-25T00:32:11.508+08:00
66c8be7023ca971c7850ee7f,000000000000000000000000,60eebd0c0ae10f6077b53548,6607eef30ae10f73dc7ecf1c,2024-08-24,1,64,3377.61,0,0,0,0,3392.58,0,0,0,0,0,1.3,0,0,0,4.0,3.0769,0,0,0,0,18.0469,0,27.461,0,,"[{'Devid': '6257ecfc0ae10f54b9067940', 'Roomid': '6259035f0ae10f54b9094adb', 'Type': 2, 'Sumpercent': 1, 'Percent': 1, 'Value': 0.08, 'Money': 4, 'Power': 0}]",2024-08-24T23:31:53.935+08:00,,000000000000000000000000,000000000000000000000000,2024-08-24T00:53:04.418+08:00,2024-08-24T00:53:04.418+08:00
66c769cd23ca971c783fd52a,000000000000000000000000,60eebd0c0ae10f6077b53548,6607eef30ae10f73dc7ecf1c,2024-08-23,1,64,3366.76,0,0,0,0,3377.61,0,0,0,0,0,1.3,0,0,0,2.0,1.5385,0,0,0,0,12.3885,0,18.1051,0,,"[{'Devid': '6257ecfc0ae10f54b9067940', 'Roomid': '6259035f0ae10f54b9094adb', 'Type': 2, 'Sumpercent': 1, 'Percent': 1, 'Value': 0.04, 'Money': 2, 'Power': 0}]",2024-08-23T23:52:46.593+08:00,,000000000000000000000000,000000000000000000000000,2024-08-23T00:39:41.444+08:00,2024-08-23T00:39:41.444+08:00
66c61a0423ca971c7832ef47,000000000000000000000000,60eebd0c0ae10f6077b53548,6607eef30ae10f73dc7ecf1c,2024-08-22,1,64,3356.58,0,0,0,0,3366.76,0,0,0,0,0,1.3,0,0,0,8.5,6.5385,0,0,0,0,16.7185,0,30.2341,0,,"[{'Devid': '6257ecfc0ae10f54b9067940', 'Roomid': '6259035f0ae10f54b9094adb', 'Type': 2, 'Sumpercent': 1, 'Percent': 1, 'Value': 0.17, 'Money': 8.5, 'Power': 0}]",2024-08-22T23:45:09.299+08:00,,000000000000000000000000,000000000000000000000000,2024-08-22T00:47:00.227+08:00,2024-08-22T00:47:00.227+08:00
66c4c91223ca971c7824ff4b,000000000000000000000000,60eebd0c0ae10f6077b53548,6607eef30ae10f73dc7ecf1c,2024-08-21,1,64,3346.31,0,0,0,0,3356.58,0,0,0,0,0,1.3,0,0,0,1.5,1.1538,0,0,0,0,11.4238,0,16.3509,0,,"[{'Devid': '6257ecfc0ae10f54b9067940', 'Roomid': '6259035f0ae10f54b9094adb', 'Type': 2, 'Sumpercent': 1, 'Percent': 1, 'Value': 0.03, 'Money': 1.5, 'Power': 0}]",2024-08-21T23:46:43.037+08:00,,000000000000000000000000,000000000000000000000000,2024-08-21T00:49:22.227+08:00,2024-08-21T00:49:22.227+08:00
66c3799723ca971c78182f02,000000000000000000000000,60eebd0c0ae10f6077b53548,6607eef30ae10f73dc7ecf1c,2024-08-20,1,64,3331.02,0,0,0,0,3346.31,0,0,0,0,0,1.3,0,0,0,13.5,10.3846,0,0,0,0,25.6746,0,46.877,0,,"[{'Devid': '6257ecfc0ae10f54b9067940', 'Roomid': '6259035f0ae10f54b9094adb', 'Type': 2, 'Sumpercent': 1, 'Percent': 1, 'Value': 0.27, 'Money': 13.5, 'Power': 0}]",2024-08-20T23:49:05.381+08:00,,000000000000000000000000,000000000000000000000000,2024-08-20T00:57:59.027+08:00,2024-08-20T00:57:59.027+08:00
66c223ce23ca971c78067e52,000000000000000000000000,60eebd0c0ae10f6077b53548,6607eef30ae10f73dc7ecf1c,2024-08-19,1,64,3325.62,0,0,0,0,3331.02,0,0,0,0,0,1.3,0,0,0,0.0,0.0,0,0,0,0,5.4,0,7.02,0,,[],2024-08-19T23:57:41.566+08:00,,000000000000000000000000,000000000000000000000000,2024-08-19T00:39:42.729+08:00,2024-08-19T00:39:42.729+08:00
66c0d46023ca971c78f9e794,000000000000000000000000,60eebd0c0ae10f6077b53548,6607eef30ae10f73dc7ecf1c,2024-08-18,1,64,3323.12,0,0,0,0,3325.62,0,0,0,0,0,1.3,0,0,0,0.0,0.0,0,0,0,0,2.5,0,3.25,0,,[],2024-08-18T23:50:54.247+08:00,,000000000000000000000000,000000000000000000000000,2024-08-18T00:48:32.215+08:00,2024-08-18T00:48:32.215+08:00
66bf822c23ca971c78eb0701,000000000000000000000000,60eebd0c0ae10f6077b53548,6607eef30ae10f73dc7ecf1c,2024-08-17,1,64,3320.62,0,0,0,0,3323.12,0,0,0,0,0,1.3,0,0,0,0.0,0.0,0,0,0,0,2.5,0,3.25,0,,[],2024-08-17T23:48:14.903+08:00,,000000000000000000000000,000000000000000000000000,2024-08-17T00:45:32.558+08:00,2024-08-17T00:45:32.558+08:00
66be32a523ca971c78de5c9a,000000000000000000000000,60eebd0c0ae10f6077b53548,6607eef30ae10f73dc7ecf1c,2024-08-16,1,64,3318.0,0,0,0,0,3320.62,0,0,0,0,0,1.3,0,0,0,0.0,0.0,0,0,0,0,2.62,0,3.406,0,,[],2024-08-16T23:45:15.679+08:00,,000000000000000000000000,000000000000000000000000,2024-08-16T00:53:57.523+08:00,2024-08-16T00:53:57.523+08:00
66bcde3823ca971c78cd6447,000000000000000000000000,60eebd0c0ae10f6077b53548,6607eef30ae10f73dc7ecf1c,2024-08-15,1,64,3315.18,0,0,0,0,3318.0,0,0,0,0,0,1.3,0,0,0,0.0,0.0,0,0,0,0,2.82,0,3.666,0,,[],2024-08-15T23:53:40.936+08:00,,000000000000000000000000,000000000000000000000000,2024-08-15T00:41:28.424+08:00,2024-08-15T00:41:28.424+08:00
66bb8dad23ca971c78c00ef1,000000000000000000000000,60eebd0c0ae10f6077b53548,6607eef30ae10f73dc7ecf1c,2024-08-14,1,64,3312.36,0,0,0,0,3315.18,0,0,0,0,0,1.3,0,0,0,0.0,0.0,0,0,0,0,2.82,0,3.666,0,,[],2024-08-14T23:54:04.049+08:00,,000000000000000000000000,000000000000000000000000,2024-08-14T00:45:33.731+08:00,2024-08-14T00:45:33.731+08:00
66ba3e3123ca971c78b353d5,000000000000000000000000,60eebd0c0ae10f6077b53548,6607eef30ae10f73dc7ecf1c,2024-08-13,1,64,3309.59,0,0,0,0,3312.36,0,0,0,0,0,1.3,0,0,0,0.0,0.0,0,0,0,0,2.77,0,3.601,0,,[],2024-08-13T23:45:17.435+08:00,,000000000000000000000000,000000000000000000000000,2024-08-13T00:54:09.771+08:00,2024-08-13T00:54:09.771+08:00
66b8eb9223ca971c78a42f29,000000000000000000000000,60eebd0c0ae10f6077b53548,6607eef30ae10f73dc7ecf1c,2024-08-12,1,64,3302.3,0,0,0,0,3309.59,0,0,0,0,0,1.3,0,0,0,0.0,0.0,0,0,0,0,7.29,0,9.477,0,,[],2024-08-12T23:53:53.021+08:00,,000000000000000000000000,000000000000000000000000,2024-08-12T00:49:22.271+08:00,2024-08-12T00:49:22.271+08:00
66b797c423ca971c78942512,000000000000000000000000,60eebd0c0ae10f6077b53548,6607eef30ae10f73dc7ecf1c,2024-08-11,1,64,3299.72,0,0,0,0,3302.3,0,0,0,0,0,1.3,0,0,0,0.0,0.0,0,0,0,0,2.58,0,3.354,0,,[],2024-08-11T23:49:05.301+08:00,,000000000000000000000000,000000000000000000000000,2024-08-11T00:39:32.818+08:00,2024-08-11T00:39:32.818+08:00
66b648eb23ca971c7887fd6f,000000000000000000000000,60eebd0c0ae10f6077b53548,6607eef30ae10f73dc7ecf1c,2024-08-10,1,64,3296.83,0,0,0,0,3299.72,0,0,0,0,0,1.3,0,0,0,0.0,0.0,0,0,0,0,2.89,0,3.757,0,,[],2024-08-10T23:45:38.251+08:00,,000000000000000000000000,000000000000000000000000,2024-08-10T00:50:51.76+08:00,2024-08-10T00:50:51.76+08:00
66b4f6fb23ca971c7879b76a,000000000000000000000000,60eebd0c0ae10f6077b53548,6607eef30ae10f73dc7ecf1c,2024-08-09,1,64,3291.35,0,0,0,0,3296.83,0,0,0,0,0,1.3,0,0,0,3.5,2.6923,0,0,0,0,8.1723,0,14.124,0,,"[{'Devid': '6257ecfc0ae10f54b9067940', 'Roomid': '6259035f0ae10f54b9094adb', 'Type': 2, 'Sumpercent': 1, 'Percent': 1, 'Value': 0.07, 'Money': 3.5, 'Power': 0}]",2024-08-09T23:50:35.047+08:00,,000000000000000000000000,000000000000000000000000,2024-08-09T00:48:59.602+08:00,2024-08-09T00:48:59.602+08:00
66b3a49223ca971c786a657d,000000000000000000000000,60eebd0c0ae10f6077b53548,6607eef30ae10f73dc7ecf1c,2024-08-08,1,64,3281.61,0,0,0,0,3291.35,0,0,0,0,0,1.3,0,0,0,6.0,4.6154,0,0,0,0,14.3554,0,24.662,0,,"[{'Devid': '6257ecfc0ae10f54b9067940', 'Roomid': '6259035f0ae10f54b9094adb', 'Type': 2, 'Sumpercent': 1, 'Percent': 1, 'Value': 0.12, 'Money': 6, 'Power': 0}]",2024-08-08T23:48:42.539+08:00,,000000000000000000000000,000000000000000000000000,2024-08-08T00:45:06.688+08:00,2024-08-08T00:45:06.688+08:00
66b251ce23ca971c785b3def,000000000000000000000000,60eebd0c0ae10f6077b53548,6607eef30ae10f73dc7ecf1c,2024-08-07,1,64,3271.25,0,0,0,0,3281.61,0,0,0,0,0,1.3,0,0,0,4.5,3.4615,0,0,0,0,13.8215,0,22.468,0,,"[{'Devid': '6257ecfc0ae10f54b9067940', 'Roomid': '6259035f0ae10f54b9094adb', 'Type': 2, 'Sumpercent': 1, 'Percent': 1, 'Value': 0.09, 'Money': 4.5, 'Power': 0}]",2024-08-07T23:44:49.448+08:00,,000000000000000000000000,000000000000000000000000,2024-08-07T00:39:42.174+08:00,2024-08-07T00:39:42.174+08:00
66b1039523ca971c784f7976,000000000000000000000000,60eebd0c0ae10f6077b53548,6607eef30ae10f73dc7ecf1c,2024-08-06,1,64,3262.63,0,0,0,0,3271.25,0,0,0,0,0,1.3,0,0,0,3.5,2.6923,0,0,0,0,11.3123,0,18.206,0,,"[{'Devid': '6257ecfc0ae10f54b9067940', 'Roomid': '6259035f0ae10f54b9094adb', 'Type': 2, 'Sumpercent': 1, 'Percent': 1, 'Value': 0.07, 'Money': 3.5, 'Power': 0}]",2024-08-06T23:50:34.039+08:00,,000000000000000000000000,000000000000000000000000,2024-08-06T00:53:41.268+08:00,2024-08-06T00:53:41.268+08:00
66afae0623ca971c783e3af5,000000000000000000000000,60eebd0c0ae10f6077b53548,6607eef30ae10f73dc7ecf1c,2024-08-05,1,64,3249.92,0,0,0,0,3262.63,0,0,0,0,0,1.3,0,0,0,3.5,2.6923,0,0,0,0,15.4023,0,23.523,0,,"[{'Devid': '6257ecfc0ae10f54b9067940', 'Roomid': '6259035f0ae10f54b9094adb', 'Type': 2, 'Sumpercent': 1, 'Percent': 1, 'Value': 0.07, 'Money': 3.5, 'Power': 0}]",2024-08-05T23:53:24.048+08:00,,000000000000000000000000,000000000000000000000000,2024-08-05T00:36:22.672+08:00,2024-08-05T00:36:22.672+08:00
66ae5ffb23ca971c7832a83d,000000000000000000000000,60eebd0c0ae10f6077b53548,6607eef30ae10f73dc7ecf1c,2024-08-04,1,64,3237.44,0,0,0,0,3249.92,0,0,0,0,0,1.3,0,0,0,11.5,8.8462,0,0,0,0,21.3262,0,39.2241,0,,"[{'Devid': '6257ecfc0ae10f54b9067940', 'Roomid': '6259035f0ae10f54b9094adb', 'Type': 2, 'Sumpercent': 1, 'Percent': 1, 'Value': 0.23, 'Money': 11.5, 'Power': 0}]",2024-08-04T23:36:05.729+08:00,,000000000000000000000000,000000000000000000000000,2024-08-04T00:51:07.619+08:00,2024-08-04T00:51:07.619+08:00
66ad0fca23ca971c78255b30,000000000000000000000000,60eebd0c0ae10f6077b53548,6607eef30ae10f73dc7ecf1c,2024-08-03,1,64,3229.5,0,0,0,0,3237.44,0,0,0,0,0,1.3,0,0,0,6.5,5.0,0,0,0,0,12.94,0,23.322,0,,"[{'Devid': '6257ecfc0ae10f54b9067940', 'Roomid': '6259035f0ae10f54b9094adb', 'Type': 2, 'Sumpercent': 1, 'Percent': 1, 'Value': 0.13, 'Money': 6.5, 'Power': 0}]",2024-08-03T23:50:51.413+08:00,,000000000000000000000000,000000000000000000000000,2024-08-03T00:56:42.334+08:00,2024-08-03T00:56:42.334+08:00
66abbc8e23ca9754fed455a5,000000000000000000000000,60eebd0c0ae10f6077b53548,6607eef30ae10f73dc7ecf1c,2024-08-02,1,64,3217.37,0,0,0,0,3229.5,0,0,0,0,0,1.3,0,0,0,4.0,3.0769,0,0,0,0,15.2069,0,23.769,0,,"[{'Devid': '6257ecfc0ae10f54b9067940', 'Roomid': '6259035f0ae10f54b9094adb', 'Type': 2, 'Sumpercent': 1, 'Percent': 1, 'Value': 0.08, 'Money': 4, 'Power': 0}]",2024-08-02T23:56:25.488+08:00,,000000000000000000000000,000000000000000000000000,2024-08-02T00:49:18.213+08:00,2024-08-02T00:49:18.213+08:00
66aa678323ca9754fec347be,000000000000000000000000,60eebd0c0ae10f6077b53548,6607eef30ae10f73dc7ecf1c,2024-08-01,1,64,3205.37,0,0,0,0,3217.37,0,0,0,0,0,1.3,0,0,0,3.5,2.6923,0,0,0,0,14.6923,0,22.6,0,,"[{'Devid': '6257ecfc0ae10f54b9067940', 'Roomid': '6259035f0ae10f54b9094adb', 'Type': 2, 'Sumpercent': 1, 'Percent': 1, 'Value': 0.07, 'Money': 3.5, 'Power': 0}]",2024-08-01T23:49:01.067+08:00,,000000000000000000000000,000000000000000000000000,2024-08-01T00:34:11.251+08:00,2024-08-01T00:34:11.251+08:00
66a9189723ca9754feb758ff,000000000000000000000000,60eebd0c0ae10f6077b53548,6607eef30ae10f73dc7ecf1c,2024-07-31,1,64,3191.37,0,0,0,0,3205.37,0,0,0,0,0,1.3,0,0,0,5.0,3.8462,0,0,0,0,17.8462,0,28.2001,0,,"[{'Devid': '6257ecfc0ae10f54b9067940', 'Roomid': '6259035f0ae10f54b9094adb', 'Type': 2, 'Sumpercent': 1, 'Percent': 1, 'Value': 0.1, 'Money': 5, 'Power': 0}]",2024-07-31T23:33:53.882+08:00,,000000000000000000000000,000000000000000000000000,2024-07-31T00:45:11.514+08:00,2024-07-31T00:45:11.514+08:00
66a7c95823ca9754fea6b3b6,000000000000000000000000,60eebd0c0ae10f6077b53548,6607eef30ae10f73dc7ecf1c,2024-07-30,1,64,3175.35,0,0,0,0,3191.37,0,0,0,0,0,1.3,0,0,0,4.5,3.4615,0,0,0,0,19.4815,0,29.826,0,,"[{'Devid': '6257ecfc0ae10f54b9067940', 'Roomid': '6259035f0ae10f54b9094adb', 'Type': 2, 'Sumpercent': 1, 'Percent': 1, 'Value': 0.09, 'Money': 4.5, 'Power': 0}]",2024-07-30T23:44:54.349+08:00,,000000000000000000000000,000000000000000000000000,2024-07-30T00:54:48.18+08:00,2024-07-30T00:54:48.18+08:00
66a676a023ca9754fe9b906d,000000000000000000000000,60eebd0c0ae10f6077b53548,6607eef30ae10f73dc7ecf1c,2024-07-29,1,64,3160.39,0,0,0,0,3175.35,0,0,0,0,0,1.3,0,0,0,1.5,1.1538,0,0,0,0,16.1138,0,22.4479,0,,"[{'Devid': '6257ecfc0ae10f54b9067940', 'Roomid': '6259035f0ae10f54b9094adb', 'Type': 2, 'Sumpercent': 1, 'Percent': 1, 'Value': 0.03, 'Money': 1.5, 'Power': 0}]",2024-07-29T23:50:26.001+08:00,,000000000000000000000000,000000000000000000000000,2024-07-29T00:49:36.266+08:00,2024-07-29T00:49:36.266+08:00
66a5252123ca9754fe8d4132,000000000000000000000000,60eebd0c0ae10f6077b53548,6607eef30ae10f73dc7ecf1c,2024-07-28,1,64,3147.06,0,0,0,0,3160.39,0,0,0,0,0,1.3,0,0,0,4.5,3.4615,0,0,0,0,16.7915,0,26.329,0,,"[{'Devid': '6257ecfc0ae10f54b9067940', 'Roomid': '6259035f0ae10f54b9094adb', 'Type': 2, 'Sumpercent': 1, 'Percent': 1, 'Value': 0.09, 'Money': 4.5, 'Power': 0}]",2024-07-28T23:49:19.191+08:00,,000000000000000000000000,000000000000000000000000,2024-07-28T00:49:37.877+08:00,2024-07-28T00:49:37.877+08:00
66a3d5ab23ca9754fe80902a,000000000000000000000000,60eebd0c0ae10f6077b53548,6607eef30ae10f73dc7ecf1c,2024-07-27,1,64,3130.89,0,0,0,0,3147.06,0,0,0,0,0,1.3,0,0,0,5.5,4.2308,0,0,0,0,20.4008,0,32.021,0,,"[{'Devid': '6257ecfc0ae10f54b9067940', 'Roomid': '6259035f0ae10f54b9094adb', 'Type': 2, 'Sumpercent': 1, 'Percent': 1, 'Value': 0.11, 'Money': 5.5, 'Power': 0}]",2024-07-27T23:49:21.126+08:00,,000000000000000000000000,000000000000000000000000,2024-07-27T00:58:19.617+08:00,2024-07-27T00:58:19.617+08:00
66a2814423ca9754fe70511a,000000000000000000000000,60eebd0c0ae10f6077b53548,6607eef30ae10f73dc7ecf1c,2024-07-26,1,64,3121.76,0,0,0,0,3130.89,0,0,0,0,0,1.3,0,0,0,0.5,0.3846,0,0,0,0,9.5146,0,12.869,0,,"[{'Devid': '6257ecfc0ae10f54b9067940', 'Roomid': '6259035f0ae10f54b9094adb', 'Type': 2, 'Sumpercent': 1, 'Percent': 1, 'Value': 0.01, 'Money': 0.5, 'Power': 0}]",2024-07-26T23:54:17.9+08:00,,000000000000000000000000,000000000000000000000000,2024-07-26T00:45:56.916+08:00,2024-07-26T00:45:56.916+08:00
66a12fc023ca9754fe61fb95,000000000000000000000000,60eebd0c0ae10f6077b53548,6607eef30ae10f73dc7ecf1c,2024-07-25,1,64,3107.55,0,0,0,0,3121.76,0,0,0,0,0,1.3,0,0,0,9.0,6.9231,0,0,0,0,21.1331,0,36.473,0,,"[{'Devid': '6257ecfc0ae10f54b9067940', 'Roomid': '6259035f0ae10f54b9094adb', 'Type': 2, 'Sumpercent': 1, 'Percent': 1, 'Value': 0.18, 'Money': 9, 'Power': 0}]",2024-07-25T23:45:40.256+08:00,,000000000000000000000000,000000000000000000000000,2024-07-25T00:45:52.244+08:00,2024-07-25T00:45:52.244+08:00
669fde7023ca9754fe540d77,000000000000000000000000,60eebd0c0ae10f6077b53548,6607eef30ae10f73dc7ecf1c,2024-07-24,1,64,3091.2,0,0,0,0,3107.55,0,0,0,0,0,1.3,0,0,0,5.0,3.8462,0,0,0,0,20.1962,0,31.2551,0,,"[{'Devid': '6257ecfc0ae10f54b9067940', 'Roomid': '6259035f0ae10f54b9094adb', 'Type': 2, 'Sumpercent': 1, 'Percent': 1, 'Value': 0.1, 'Money': 5, 'Power': 0}]",2024-07-24T23:45:34.541+08:00,,000000000000000000000000,000000000000000000000000,2024-07-24T00:46:40.641+08:00,2024-07-24T00:46:40.641+08:00
669e8d9023ca9754fe46385e,000000000000000000000000,60eebd0c0ae10f6077b53548,6607eef30ae10f73dc7ecf1c,2024-07-23,1,64,3076.66,0,0,0,0,3091.2,0,0,0,0,0,1.3,0,0,0,10.0,7.6923,0,0,0,0,22.2323,0,38.902,0,,"[{'Devid': '6257ecfc0ae10f54b9067940', 'Roomid': '6259035f0ae10f54b9094adb', 'Type': 2, 'Sumpercent': 1, 'Percent': 1, 'Value': 0.2, 'Money': 10, 'Power': 0}]",2024-07-23T23:46:23.041+08:00,,000000000000000000000000,000000000000000000000000,2024-07-23T00:49:20.04+08:00,2024-07-23T00:49:20.04+08:00
669d3c4223ca9754fe3825a8,000000000000000000000000,60eebd0c0ae10f6077b53548,6607eef30ae10f73dc7ecf1c,2024-07-22,1,64,3061.18,0,0,0,0,3076.66,0,0,0,0,0,1.3,0,0,0,5.0,3.8462,0,0,0,0,19.3262,0,30.1241,0,,"[{'Devid': '6257ecfc0ae10f54b9067940', 'Roomid': '6259035f0ae10f54b9094adb', 'Type': 2, 'Sumpercent': 1, 'Percent': 1, 'Value': 0.1, 'Money': 5, 'Power': 0}]",2024-07-22T23:49:02.548+08:00,,000000000000000000000000,000000000000000000000000,2024-07-22T00:50:10.248+08:00,2024-07-22T00:50:10.248+08:00
669beb6623ca9754fe2a6ec5,000000000000000000000000,60eebd0c0ae10f6077b53548,6607eef30ae10f73dc7ecf1c,2024-07-21,1,64,3056.2,0,0,0,0,3061.18,0,0,0,0,0,1.3,0,0,0,0.0,0.0,0,0,0,0,4.98,0,6.474,0,,[],2024-07-21T23:49:53.321+08:00,,000000000000000000000000,000000000000000000000000,2024-07-21T00:52:54.106+08:00,2024-07-21T00:52:54.106+08:00
669a970923ca9754fe1a2554,000000000000000000000000,60eebd0c0ae10f6077b53548,6607eef30ae10f73dc7ecf1c,2024-07-20,1,64,3051.92,0,0,0,0,3056.2,0,0,0,0,0,1.3,0,0,0,0.0,0.0,0,0,0,0,4.28,0,5.564,0,,[],2024-07-20T23:52:37.611+08:00,,000000000000000000000000,000000000000000000000000,2024-07-20T00:40:41.111+08:00,2024-07-20T00:40:41.111+08:00
669947ac23ca9771b35fedbd,000000000000000000000000,60eebd0c0ae10f6077b53548,6607eef30ae10f73dc7ecf1c,2024-07-19,1,64,3035.64,0,0,0,0,3051.92,0,0,0,0,0,1.3,0,0,0,0.0,0.0,0,0,0,0,16.28,0,21.164,0,,[],2024-07-19T23:40:24.121+08:00,,000000000000000000000000,000000000000000000000000,2024-07-19T00:49:48.277+08:00,2024-07-19T00:49:48.277+08:00
6697f59f23ca9771b35144de,000000000000000000000000,60eebd0c0ae10f6077b53548,6607eef30ae10f73dc7ecf1c,2024-07-18,1,64,3016.59,0,0,0,0,3035.64,0,0,0,0,0,1.3,0,0,0,10.0,7.6923,0,0,0,0,26.7423,0,44.765,0,,"[{'Devid': '6257ecfc0ae10f54b9067940', 'Roomid': '6259035f0ae10f54b9094adb', 'Type': 2, 'Sumpercent': 1, 'Percent': 1, 'Value': 0.2, 'Money': 10, 'Power': 0}]",2024-07-18T23:49:31.25+08:00,,000000000000000000000000,000000000000000000000000,2024-07-18T00:47:27.59+08:00,2024-07-18T00:47:27.59+08:00
6696a47f23ca97219ca03f64,000000000000000000000000,60eebd0c0ae10f6077b53548,6607eef30ae10f73dc7ecf1c,2024-07-17,1,64,3006.37,0,0,0,0,3016.59,0,0,0,0,0,1.3,0,0,0,2.0,1.5385,0,0,0,0,11.7585,0,17.2861,0,,"[{'Devid': '6257ecfc0ae10f54b9067940', 'Roomid': '6259035f0ae10f54b9094adb', 'Type': 2, 'Sumpercent': 1, 'Percent': 1, 'Value': 0.04, 'Money': 2, 'Power': 0}]",2024-07-17T23:47:11.086+08:00,,000000000000000000000000,000000000000000000000000,2024-07-17T00:49:03.582+08:00,2024-07-17T00:49:03.582+08:00
6695508023ca97219c901f1b,000000000000000000000000,60eebd0c0ae10f6077b53548,6607eef30ae10f73dc7ecf1c,2024-07-16,1,64,2993.24,0,0,0,0,3006.37,0,0,0,0,0,1.3,0,0,0,2.5,1.9231,0,0,0,0,15.0531,0,22.069,0,,"[{'Devid': '6257ecfc0ae10f54b9067940', 'Roomid': '6259035f0ae10f54b9094adb', 'Type': 2, 'Sumpercent': 1, 'Percent': 1, 'Value': 0.05, 'Money': 2.5, 'Power': 0}]",2024-07-16T23:48:47.309+08:00,,000000000000000000000000,000000000000000000000000,2024-07-16T00:38:24.863+08:00,2024-07-16T00:38:24.863+08:00
6694021723ca97219c8466cd,000000000000000000000000,60eebd0c0ae10f6077b53548,6607eef30ae10f73dc7ecf1c,2024-07-15,1,64,2980.03,0,0,0,0,2993.24,0,0,0,0,0,1.3,0,0,0,3.0,2.3077,0,0,0,0,15.5177,0,23.173,0,,"[{'Devid': '6257ecfc0ae10f54b9067940', 'Roomid': '6259035f0ae10f54b9094adb', 'Type': 2, 'Sumpercent': 1, 'Percent': 1, 'Value': 0.06, 'Money': 3, 'Power': 0}]",2024-07-15T23:38:08.761+08:00,,000000000000000000000000,000000000000000000000000,2024-07-15T00:51:35.844+08:00,2024-07-15T00:51:35.844+08:00
6692afcd23ca97219c75850a,000000000000000000000000,60eebd0c0ae10f6077b53548,6607eef30ae10f73dc7ecf1c,2024-07-14,1,64,2970.01,0,0,0,0,2980.03,0,0,0,0,0,1.3,0,0,0,4.0,3.0769,0,0,0,0,13.0969,0,21.026,0,,"[{'Devid': '6257ecfc0ae10f54b9067940', 'Roomid': '6259035f0ae10f54b9094adb', 'Type': 2, 'Sumpercent': 1, 'Percent': 1, 'Value': 0.08, 'Money': 4, 'Power': 0}]",2024-07-14T23:51:18.979+08:00,,000000000000000000000000,000000000000000000000000,2024-07-14T00:48:13.407+08:00,2024-07-14T00:48:13.407+08:00
66915db223ca97219c66f0bd,000000000000000000000000,60eebd0c0ae10f6077b53548,6607eef30ae10f73dc7ecf1c,2024-07-13,1,64,2960.27,0,0,0,0,2970.01,0,0,0,0,0,1.3,0,0,0,6.5,5.0,0,0,0,0,14.74,0,25.662,0,,"[{'Devid': '6257ecfc0ae10f54b9067940', 'Roomid': '6259035f0ae10f54b9094adb', 'Type': 2, 'Sumpercent': 1, 'Percent': 1, 'Value': 0.13, 'Money': 6.5, 'Power': 0}]",2024-07-13T23:47:57.136+08:00,,000000000000000000000000,000000000000000000000000,2024-07-13T00:45:38.688+08:00,2024-07-13T00:45:38.688+08:00
66900b6223ca97219c582ea3,000000000000000000000000,60eebd0c0ae10f6077b53548,6607eef30ae10f73dc7ecf1c,2024-07-12,1,64,2950.98,0,0,0,0,2960.27,0,0,0,0,0,1.3,0,0,0,6.0,4.6154,0,0,0,0,13.9054,0,24.077,0,,"[{'Devid': '6257ecfc0ae10f54b9067940', 'Roomid': '6259035f0ae10f54b9094adb', 'Type': 2, 'Sumpercent': 1, 'Percent': 1, 'Value': 0.12, 'Money': 6, 'Power': 0}]",2024-07-12T23:45:22.295+08:00,,000000000000000000000000,000000000000000000000000,2024-07-12T00:42:10.218+08:00,2024-07-12T00:42:10.218+08:00
668ebad223ca97219c4ad326,000000000000000000000000,60eebd0c0ae10f6077b53548,6607eef30ae10f73dc7ecf1c,2024-07-11,1,64,2940.59,0,0,0,0,2950.98,0,0,0,0,0,1.3,0,0,0,3.0,2.3077,0,0,0,0,12.6977,0,19.507,0,,"[{'Devid': '6257ecfc0ae10f54b9067940', 'Roomid': '6259035f0ae10f54b9094adb', 'Type': 2, 'Sumpercent': 1, 'Percent': 1, 'Value': 0.06, 'Money': 3, 'Power': 0}]",2024-07-11T23:37:54.779+08:00,,000000000000000000000000,000000000000000000000000,2024-07-11T00:46:10.519+08:00,2024-07-11T00:46:10.519+08:00
668d6a7c23ca97219c3d94f4,000000000000000000000000,60eebd0c0ae10f6077b53548,6607eef30ae10f73dc7ecf1c,2024-07-10,1,64,2925.94,0,0,0,0,2940.59,0,0,0,0,0,1.3,0,0,0,4.5,3.4615,0,0,0,0,18.1115,0,28.045,0,,"[{'Devid': '6257ecfc0ae10f54b9067940', 'Roomid': '6259035f0ae10f54b9094adb', 'Type': 2, 'Sumpercent': 1, 'Percent': 1, 'Value': 0.09, 'Money': 4.5, 'Power': 0}]",2024-07-10T23:45:54.281+08:00,,000000000000000000000000,000000000000000000000000,2024-07-10T00:51:08.062+08:00,2024-07-10T00:51:08.062+08:00
668c1a6823ca97219c3048e6,000000000000000000000000,60eebd0c0ae10f6077b53548,6607eef30ae10f73dc7ecf1c,2024-07-09,1,64,2909.16,0,0,0,0,2925.94,0,0,0,0,0,1.3,0,0,0,4.5,3.4615,0,0,0,0,20.2415,0,30.814,0,,"[{'Devid': '6257ecfc0ae10f54b9067940', 'Roomid': '6259035f0ae10f54b9094adb', 'Type': 2, 'Sumpercent': 1, 'Percent': 1, 'Value': 0.09, 'Money': 4.5, 'Power': 0}]",2024-07-09T23:50:51.847+08:00,,000000000000000000000000,000000000000000000000000,2024-07-09T00:57:12.413+08:00,2024-07-09T00:57:12.413+08:00
668ac55123ca97219c1f8407,000000000000000000000000,60eebd0c0ae10f6077b53548,6607eef30ae10f73dc7ecf1c,2024-07-08,1,64,2890.7,0,0,0,0,2909.16,0,0,0,0,0,1.3,0,0,0,10.0,7.6923,0,0,0,0,26.1523,0,43.998,0,,"[{'Devid': '6257ecfc0ae10f54b9067940', 'Roomid': '6259035f0ae10f54b9094adb', 'Type': 2, 'Sumpercent': 1, 'Percent': 1, 'Value': 0.2, 'Money': 10, 'Power': 0}]",2024-07-08T23:56:54.416+08:00,,000000000000000000000000,000000000000000000000000,2024-07-08T00:41:53.681+08:00,2024-07-08T00:41:53.681+08:00
668976f023ca97219c13d674,000000000000000000000000,60eebd0c0ae10f6077b53548,6607eef30ae10f73dc7ecf1c,2024-07-07,1,64,2875.05,0,0,0,0,2890.7,0,0,0,0,0,1.3,0,0,0,5.0,3.8462,0,0,0,0,19.4962,0,30.3451,0,,"[{'Devid': '6257ecfc0ae10f54b9067940', 'Roomid': '6259035f0ae10f54b9094adb', 'Type': 2, 'Sumpercent': 1, 'Percent': 1, 'Value': 0.1, 'Money': 5, 'Power': 0}]",2024-07-07T23:41:36.433+08:00,,000000000000000000000000,000000000000000000000000,2024-07-07T00:55:12.218+08:00,2024-07-07T00:55:12.218+08:00
6688234823ca97219c041771,000000000000000000000000,60eebd0c0ae10f6077b53548,6607eef30ae10f73dc7ecf1c,2024-07-06,1,64,2862.93,0,0,0,0,2875.05,0,0,0,0,0,1.3,0,0,0,4.0,3.0769,0,0,0,0,15.1969,0,23.756,0,,"[{'Devid': '6257ecfc0ae10f54b9067940', 'Roomid': '6259035f0ae10f54b9094adb', 'Type': 2, 'Sumpercent': 1, 'Percent': 1, 'Value': 0.08, 'Money': 4, 'Power': 0}]",2024-07-06T23:54:55.806+08:00,,000000000000000000000000,000000000000000000000000,2024-07-06T00:46:00.116+08:00,2024-07-06T00:46:00.116+08:00
6686d1b923ca97219cf5ef32,000000000000000000000000,60eebd0c0ae10f6077b53548,6607eef30ae10f73dc7ecf1c,2024-07-05,1,64,2849.08,0,0,0,0,2862.93,0,0,0,0,0,1.3,0,0,0,3.5,2.6923,0,0,0,0,16.5423,0,25.005,0,,"[{'Devid': '6257ecfc0ae10f54b9067940', 'Roomid': '6259035f0ae10f54b9094adb', 'Type': 2, 'Sumpercent': 1, 'Percent': 1, 'Value': 0.07, 'Money': 3.5, 'Power': 0}]",2024-07-05T23:45:43.286+08:00,,000000000000000000000000,000000000000000000000000,2024-07-05T00:45:45.163+08:00,2024-07-05T00:45:45.163+08:00
6685760923ca97219cde7480,000000000000000000000000,60eebd0c0ae10f6077b53548,6607eef30ae10f73dc7ecf1c,2024-07-04,1,64,2834.32,0,0,0,0,2849.08,0,0,0,0,0,1.3,0,0,0,5.5,4.2308,0,0,0,0,18.9908,0,30.188,0,,"[{'Devid': '6257ecfc0ae10f54b9067940', 'Roomid': '6259035f0ae10f54b9094adb', 'Type': 2, 'Sumpercent': 1, 'Percent': 1, 'Value': 0.11, 'Money': 5.5, 'Power': 0}]",2024-07-04T23:45:28.207+08:00,,000000000000000000000000,000000000000000000000000,2024-07-04T00:02:17.679+08:00,2024-07-04T00:02:17.679+08:00
66842ee023ca97219cd9fab0,000000000000000000000000,60eebd0c0ae10f6077b53548,6607eef30ae10f73dc7ecf1c,2024-07-03,1,64,2823.24,0,0,0,0,2834.32,0,0,0,0,0,1.3,0,0,0,3.0,2.3077,0,0,0,0,13.3877,0,20.404,0,,"[{'Devid': '6257ecfc0ae10f54b9067940', 'Roomid': '6259035f0ae10f54b9094adb', 'Type': 2, 'Sumpercent': 1, 'Percent': 1, 'Value': 0.06, 'Money': 3, 'Power': 0}]",2024-07-03T23:02:00.914+08:00,,000000000000000000000000,000000000000000000000000,2024-07-03T00:46:24.38+08:00,2024-07-03T00:46:24.38+08:00
6682dda823ca97219ccc1930,000000000000000000000000,60eebd0c0ae10f6077b53548,6607eef30ae10f73dc7ecf1c,2024-07-02,1,64,2813.64,0,0,0,0,2823.24,0,0,0,0,0,1.3,0,0,0,4.0,3.0769,0,0,0,0,12.6769,0,20.48,0,,"[{'Devid': '6257ecfc0ae10f54b9067940', 'Roomid': '6259035f0ae10f54b9094adb', 'Type': 2, 'Sumpercent': 1, 'Percent': 1, 'Value': 0.08, 'Money': 4, 'Power': 0}]",2024-07-02T23:46:07.224+08:00,,000000000000000000000000,000000000000000000000000,2024-07-02T00:47:36.82+08:00,2024-07-02T00:47:36.82+08:00
66818bba23ca97219cbd7991,000000000000000000000000,60eebd0c0ae10f6077b53548,6607eef30ae10f73dc7ecf1c,2024-07-01,1,64,2802.6,0,0,0,0,2813.64,0,0,0,0,0,1.3,0,0,0,3.0,2.3077,0,0,0,0,13.3477,0,20.352,0,,"[{'Devid': '6257ecfc0ae10f54b9067940', 'Roomid': '6259035f0ae10f54b9094adb', 'Type': 2, 'Sumpercent': 1, 'Percent': 1, 'Value': 0.06, 'Money': 3, 'Power': 0}]",2024-07-01T23:47:19.282+08:00,,000000000000000000000000,000000000000000000000000,2024-07-01T00:45:46.26+08:00,2024-07-01T00:45:46.26+08:00
6680312323ca97219ca75fa6,000000000000000000000000,60eebd0c0ae10f6077b53548,6607eef30ae10f73dc7ecf1c,2024-06-30,1,64,2791.99,0,0,0,0,2802.6,0,0,0,0,0,1.3,0,0,0,7.0,5.3846,0,0,0,0,15.9946,0,27.793,0,,"[{'Devid': '6257ecfc0ae10f54b9067940', 'Roomid': '6259035f0ae10f54b9094adb', 'Type': 2, 'Sumpercent': 1, 'Percent': 1, 'Value': 0.14, 'Money': 7, 'Power': 0}]",2024-06-30T23:45:28.733+08:00,,000000000000000000000000,000000000000000000000000,2024-06-30T00:06:59.931+08:00,2024-06-30T00:06:59.931+08:00
667ee8ce23ca97219ca18048,000000000000000000000000,60eebd0c0ae10f6077b53548,6607eef30ae10f73dc7ecf1c,2024-06-29,1,64,2782.26,0,0,0,0,2791.99,0,0,0,0,0,1.3,0,0,0,6.5,5.0,0,0,0,0,14.73,0,25.649,0,,"[{'Devid': '6257ecfc0ae10f54b9067940', 'Roomid': '6259035f0ae10f54b9094adb', 'Type': 2, 'Sumpercent': 1, 'Percent': 1, 'Value': 0.13, 'Money': 6.5, 'Power': 0}]",2024-06-29T23:06:42.896+08:00,,000000000000000000000000,000000000000000000000000,2024-06-29T00:46:06.13+08:00,2024-06-29T00:46:06.13+08:00
667d980523ca97219c9412fd,000000000000000000000000,60eebd0c0ae10f6077b53548,6607eef30ae10f73dc7ecf1c,2024-06-28,1,64,2773.41,0,0,0,0,2782.26,0,0,0,0,0,1.3,0,0,0,6.5,5.0,0,0,0,0,13.85,0,24.505,0,,"[{'Devid': '6257ecfc0ae10f54b9067940', 'Roomid': '6259035f0ae10f54b9094adb', 'Type': 2, 'Sumpercent': 1, 'Percent': 1, 'Value': 0.13, 'Money': 6.5, 'Power': 0}]",2024-06-28T23:45:49.307+08:00,,000000000000000000000000,000000000000000000000000,2024-06-28T00:49:09.492+08:00,2024-06-28T00:49:09.492+08:00
667c466e23ca97219c84f765,000000000000000000000000,60eebd0c0ae10f6077b53548,6607eef30ae10f73dc7ecf1c,2024-06-27,1,64,2763.92,0,0,0,0,2773.41,0,0,0,0,0,1.3,0,0,0,7.0,5.3846,0,0,0,0,14.8746,0,26.337,0,,"[{'Devid': '6257ecfc0ae10f54b9067940', 'Roomid': '6259035f0ae10f54b9094adb', 'Type': 2, 'Sumpercent': 1, 'Percent': 1, 'Value': 0.14, 'Money': 7, 'Power': 0}]",2024-06-27T23:48:52.789+08:00,,000000000000000000000000,000000000000000000000000,2024-06-27T00:48:46.776+08:00,2024-06-27T00:48:46.776+08:00
667ae9e023ca97219c6da562,000000000000000000000000,60eebd0c0ae10f6077b53548,6607eef30ae10f73dc7ecf1c,2024-06-26,1,64,2755.62,0,0,0,0,2763.92,0,0,0,0,0,1.3,0,0,0,5.0,3.8462,0,0,0,0,12.1462,0,20.7901,0,,"[{'Devid': '6257ecfc0ae10f54b9067940', 'Roomid': '6259035f0ae10f54b9094adb', 'Type': 2, 'Sumpercent': 1, 'Percent': 1, 'Value': 0.1, 'Money': 5, 'Power': 0}]",2024-06-26T23:48:20.226+08:00,,000000000000000000000000,000000000000000000000000,2024-06-26T00:01:36.313+08:00,2024-06-26T00:01:36.313+08:00
6679a2d023ca97219c6934e1,000000000000000000000000,60eebd0c0ae10f6077b53548,6607eef30ae10f73dc7ecf1c,2024-06-25,1,64,2749.53,0,0,0,0,2755.62,0,0,0,0,0,1.3,0,0,0,7.0,5.3846,0,0,0,0,11.4746,0,21.917,0,,"[{'Devid': '6257ecfc0ae10f54b9067940', 'Roomid': '6259035f0ae10f54b9094adb', 'Type': 2, 'Sumpercent': 1, 'Percent': 1, 'Value': 0.14, 'Money': 7, 'Power': 0}]",2024-06-25T23:01:20.048+08:00,,000000000000000000000000,000000000000000000000000,2024-06-25T00:46:08.638+08:00,2024-06-25T00:46:08.638+08:00
6678514623ca97219c5afe03,000000000000000000000000,60eebd0c0ae10f6077b53548,6607eef30ae10f73dc7ecf1c,2024-06-24,1,64,2741.61,0,0,0,0,2749.53,0,0,0,0,0,1.3,0,0,0,0.5,0.3846,0,0,0,0,8.3046,0,11.296,0,,"[{'Devid': '6257ecfc0ae10f54b9067940', 'Roomid': '6259035f0ae10f54b9094adb', 'Type': 2, 'Sumpercent': 1, 'Percent': 1, 'Value': 0.01, 'Money': 0.5, 'Power': 0}]",2024-06-24T23:45:52.114+08:00,,000000000000000000000000,000000000000000000000000,2024-06-24T00:45:58.28+08:00,2024-06-24T00:45:58.28+08:00
6677010d23ca97219c4e09b1,000000000000000000000000,60eebd0c0ae10f6077b53548,6607eef30ae10f73dc7ecf1c,2024-06-23,1,64,2731.74,0,0,0,0,2741.61,0,0,0,0,0,1.3,0,0,0,6.0,4.6154,0,0,0,0,14.4854,0,24.831,0,,"[{'Devid': '6257ecfc0ae10f54b9067940', 'Roomid': '6259035f0ae10f54b9094adb', 'Type': 2, 'Sumpercent': 1, 'Percent': 1, 'Value': 0.12, 'Money': 6, 'Power': 0}]",2024-06-23T23:45:41.277+08:00,,000000000000000000000000,000000000000000000000000,2024-06-23T00:51:25.646+08:00,2024-06-23T00:51:25.646+08:00
6675a43723ca97219c35d92b,000000000000000000000000,60eebd0c0ae10f6077b53548,6607eef30ae10f73dc7ecf1c,2024-06-22,1,64,2722.74,0,0,0,0,2731.74,0,0,0,0,0,1.3,0,0,0,2.5,1.9231,0,0,0,0,10.9231,0,16.7,0,,"[{'Devid': '6257ecfc0ae10f54b9067940', 'Roomid': '6259035f0ae10f54b9094adb', 'Type': 2, 'Sumpercent': 1, 'Percent': 1, 'Value': 0.05, 'Money': 2.5, 'Power': 0}]",2024-06-22T23:48:42.402+08:00,,000000000000000000000000,000000000000000000000000,2024-06-22T00:03:03.792+08:00,2024-06-22T00:03:03.792+08:00
66745ccb23ca97219c3102d5,000000000000000000000000,60eebd0c0ae10f6077b53548,6607eef30ae10f73dc7ecf1c,2024-06-21,1,64,2714.35,0,0,0,0,2722.74,0,0,0,0,0,1.3,0,0,0,8.0,6.1538,0,0,0,0,14.5438,0,26.9069,0,,"[{'Devid': '6257ecfc0ae10f54b9067940', 'Roomid': '6259035f0ae10f54b9094adb', 'Type': 2, 'Sumpercent': 1, 'Percent': 1, 'Value': 0.16, 'Money': 8, 'Power': 0}]",2024-06-21T23:02:46.949+08:00,,000000000000000000000000,000000000000000000000000,2024-06-21T00:46:03.505+08:00,2024-06-21T00:46:03.505+08:00
66730b3523ca974316fdad79,000000000000000000000000,60eebd0c0ae10f6077b53548,6607eef30ae10f73dc7ecf1c,2024-06-20,1,64,2705.04,0,0,0,0,2714.35,0,0,0,0,0,1.3,0,0,0,4.0,3.0769,0,0,0,0,12.3869,0,20.103,0,,"[{'Devid': '6257ecfc0ae10f54b9067940', 'Roomid': '6259035f0ae10f54b9094adb', 'Type': 2, 'Sumpercent': 1, 'Percent': 1, 'Value': 0.08, 'Money': 4, 'Power': 0}]",2024-06-20T23:45:47.044+08:00,,000000000000000000000000,000000000000000000000000,2024-06-20T00:45:41.342+08:00,2024-06-20T00:45:41.342+08:00
6671ba1823ca974316ecae9a,000000000000000000000000,60eebd0c0ae10f6077b53548,6607eef30ae10f73dc7ecf1c,2024-06-19,1,64,2696.39,0,0,0,0,2705.04,0,0,0,0,0,1.3,0,0,0,5.0,3.8462,0,0,0,0,12.4962,0,21.2451,0,,"[{'Devid': '6257ecfc0ae10f54b9067940', 'Roomid': '6259035f0ae10f54b9094adb', 'Type': 2, 'Sumpercent': 1, 'Percent': 1, 'Value': 0.1, 'Money': 5, 'Power': 0}]",2024-06-19T23:45:24.855+08:00,,000000000000000000000000,000000000000000000000000,2024-06-19T00:47:20.879+08:00,2024-06-19T00:47:20.879+08:00
6670691523ca974316d95480,000000000000000000000000,60eebd0c0ae10f6077b53548,6607eef30ae10f73dc7ecf1c,2024-06-18,1,64,2687.47,0,0,0,0,2696.39,0,0,0,0,0,1.3,0,0,0,8.0,6.1538,0,0,0,0,15.0738,0,27.5959,0,,"[{'Devid': '6257ecfc0ae10f54b9067940', 'Roomid': '6259035f0ae10f54b9094adb', 'Type': 2, 'Sumpercent': 1, 'Percent': 1, 'Value': 0.16, 'Money': 8, 'Power': 0}]",2024-06-18T23:45:08.723+08:00,,000000000000000000000000,000000000000000000000000,2024-06-18T00:49:25.318+08:00,2024-06-18T00:49:25.318+08:00
666f16bc23ca974316d370f9,000000000000000000000000,60eebd0c0ae10f6077b53548,6607eef30ae10f73dc7ecf1c,2024-06-17,1,64,2677.24,0,0,0,0,2687.47,0,0,0,0,0,1.3,0,0,0,6.0,4.6154,0,0,0,0,14.8454,0,25.299,0,,"[{'Devid': '6257ecfc0ae10f54b9067940', 'Roomid': '6259035f0ae10f54b9094adb', 'Type': 2, 'Sumpercent': 1, 'Percent': 1, 'Value': 0.12, 'Money': 6, 'Power': 0}]",2024-06-17T23:45:55.791+08:00,,000000000000000000000000,000000000000000000000000,2024-06-17T00:45:48.903+08:00,2024-06-17T00:45:48.903+08:00
666dc59a23ca974316c5c374,000000000000000000000000,60eebd0c0ae10f6077b53548,6607eef30ae10f73dc7ecf1c,2024-06-16,1,64,2663.18,0,0,0,0,2677.24,0,0,0,0,0,1.3,0,0,0,4.0,3.0769,0,0,0,0,17.1369,0,26.278,0,,"[{'Devid': '6257ecfc0ae10f54b9067940', 'Roomid': '6259035f0ae10f54b9094adb', 'Type': 2, 'Sumpercent': 1, 'Percent': 1, 'Value': 0.08, 'Money': 4, 'Power': 0}]",2024-06-16T23:45:32.563+08:00,,000000000000000000000000,000000000000000000000000,2024-06-16T00:47:22.132+08:00,2024-06-16T00:47:22.132+08:00
666c76ea23ca974316b9c9b2,000000000000000000000000,60eebd0c0ae10f6077b53548,6607eef30ae10f73dc7ecf1c,2024-06-15,1,64,2648.97,0,0,0,0,2663.18,0,0,0,0,0,1.3,0,0,0,5.0,3.8462,0,0,0,0,18.0562,0,28.4731,0,,"[{'Devid': '6257ecfc0ae10f54b9067940', 'Roomid': '6259035f0ae10f54b9094adb', 'Type': 2, 'Sumpercent': 1, 'Percent': 1, 'Value': 0.1, 'Money': 5, 'Power': 0}]",2024-06-15T23:47:06.044+08:00,,000000000000000000000000,000000000000000000000000,2024-06-15T00:59:22.266+08:00,2024-06-15T00:59:22.266+08:00
666b22f623ca974316a13825,000000000000000000000000,60eebd0c0ae10f6077b53548,6607eef30ae10f73dc7ecf1c,2024-06-14,1,64,2634.94,0,0,0,0,2648.97,0,0,0,0,0,1.3,0,0,0,5.5,4.2308,0,0,0,0,18.2608,0,29.239,0,,"[{'Devid': '6257ecfc0ae10f54b9067940', 'Roomid': '6259035f0ae10f54b9094adb', 'Type': 2, 'Sumpercent': 1, 'Percent': 1, 'Value': 0.11, 'Money': 5.5, 'Power': 0}]",2024-06-14T23:58:43.7+08:00,,000000000000000000000000,000000000000000000000000,2024-06-14T00:48:54.19+08:00,2024-06-14T00:48:54.19+08:00
6669d22f23ca9712804d1ad1,000000000000000000000000,60eebd0c0ae10f6077b53548,6607eef30ae10f73dc7ecf1c,2024-06-13,1,64,2627.79,0,0,0,0,2634.94,0,0,0,0,0,1.3,0,0,0,7.5,5.7692,0,0,0,0,12.9192,0,24.295,0,,"[{'Devid': '6257ecfc0ae10f54b9067940', 'Roomid': '6259035f0ae10f54b9094adb', 'Type': 2, 'Sumpercent': 1, 'Percent': 1, 'Value': 0.15, 'Money': 7.5, 'Power': 0}]",2024-06-13T23:50:32.96+08:00,,000000000000000000000000,000000000000000000000000,2024-06-13T00:51:59.815+08:00,2024-06-13T00:51:59.815+08:00
66687bc923ca9775916edb0d,000000000000000000000000,60eebd0c0ae10f6077b53548,6607eef30ae10f73dc7ecf1c,2024-06-12,1,64,2618.1,0,0,0,0,2627.79,0,0,0,0,0,1.3,0,0,0,0.0,0.0,0,0,0,0,9.69,0,12.597,0,,[],2024-06-12T23:51:43.253+08:00,,000000000000000000000000,000000000000000000000000,2024-06-12T00:31:05.268+08:00,2024-06-12T00:31:05.268+08:00
66672e3e23ca977591642575,000000000000000000000000,60eebd0c0ae10f6077b53548,6607eef30ae10f73dc7ecf1c,2024-06-11,1,64,2607.18,0,0,0,0,2618.1,0,0,0,0,0,1.3,0,0,0,5.5,4.2308,0,0,0,0,15.1508,0,25.196,0,,"[{'Devid': '6257ecfc0ae10f54b9067940', 'Roomid': '6259035f0ae10f54b9094adb', 'Type': 2, 'Sumpercent': 1, 'Percent': 1, 'Value': 0.11, 'Money': 5.5, 'Power': 0}]",2024-06-11T23:30:48.884+08:00,,000000000000000000000000,000000000000000000000000,2024-06-11T00:47:58.555+08:00,2024-06-11T00:47:58.555+08:00
6665dc4223ca977591559d59,000000000000000000000000,60eebd0c0ae10f6077b53548,6607eef30ae10f73dc7ecf1c,2024-06-10,1,64,2597.35,0,0,0,0,2607.18,0,0,0,0,0,1.3,0,0,0,4.0,3.0769,0,0,0,0,12.9069,0,20.779,0,,"[{'Devid': '6257ecfc0ae10f54b9067940', 'Roomid': '6259035f0ae10f54b9094adb', 'Type': 2, 'Sumpercent': 1, 'Percent': 1, 'Value': 0.08, 'Money': 4, 'Power': 0}]",2024-06-10T23:47:42.245+08:00,,000000000000000000000000,000000000000000000000000,2024-06-10T00:45:54.969+08:00,2024-06-10T00:45:54.969+08:00
66648ab523ca97759147b3e0,000000000000000000000000,60eebd0c0ae10f6077b53548,6607eef30ae10f73dc7ecf1c,2024-06-09,1,64,2587.06,0,0,0,0,2597.35,0,0,0,0,0,1.3,0,0,0,0.5,0.3846,0,0,0,0,10.6746,0,14.377,0,,"[{'Devid': '6257ecfc0ae10f54b9067940', 'Roomid': '6259035f0ae10f54b9094adb', 'Type': 2, 'Sumpercent': 1, 'Percent': 1, 'Value': 0.01, 'Money': 0.5, 'Power': 0}]",2024-06-09T23:45:38.842+08:00,,000000000000000000000000,000000000000000000000000,2024-06-09T00:45:41.182+08:00,2024-06-09T00:45:41.182+08:00
6663347923ca97759135abd4,000000000000000000000000,60eebd0c0ae10f6077b53548,6607eef30ae10f73dc7ecf1c,2024-06-08,1,64,2575.07,0,0,0,0,2587.06,0,0,0,0,0,1.3,0,0,0,9.0,6.9231,0,0,0,0,18.9131,0,33.587,0,,"[{'Devid': '6257ecfc0ae10f54b9067940', 'Roomid': '6259035f0ae10f54b9094adb', 'Type': 2, 'Sumpercent': 1, 'Percent': 1, 'Value': 0.18, 'Money': 9, 'Power': 0}]",2024-06-08T23:45:25.446+08:00,,000000000000000000000000,000000000000000000000000,2024-06-08T00:25:29.735+08:00,2024-06-08T00:25:29.735+08:00
6661ea4323ca9775912d8fe0,000000000000000000000000,60eebd0c0ae10f6077b53548,6607eef30ae10f73dc7ecf1c,2024-06-07,1,64,2566.77,0,0,0,0,2575.07,0,0,0,0,0,1.3,0,0,0,8.0,6.1538,0,0,0,0,14.4538,0,26.7899,0,,"[{'Devid': '6257ecfc0ae10f54b9067940', 'Roomid': '6259035f0ae10f54b9094adb', 'Type': 2, 'Sumpercent': 1, 'Percent': 1, 'Value': 0.16, 'Money': 8, 'Power': 0}]",2024-06-07T23:25:13.721+08:00,,000000000000000000000000,000000000000000000000000,2024-06-07T00:56:35.047+08:00,2024-06-07T00:56:35.047+08:00
6660979d23ca9775911ebffc,000000000000000000000000,60eebd0c0ae10f6077b53548,6607eef30ae10f73dc7ecf1c,2024-06-06,1,64,2557.33,0,0,0,0,2566.77,0,0,0,0,0,1.3,0,0,0,6.0,4.6154,0,0,0,0,14.0554,0,24.272,0,,"[{'Devid': '6257ecfc0ae10f54b9067940', 'Roomid': '6259035f0ae10f54b9094adb', 'Type': 2, 'Sumpercent': 1, 'Percent': 1, 'Value': 0.12, 'Money': 6, 'Power': 0}]",2024-06-06T23:56:18.856+08:00,,000000000000000000000000,000000000000000000000000,2024-06-06T00:51:41.351+08:00,2024-06-06T00:51:41.351+08:00
665f44b223ca9775910f9041,000000000000000000000000,60eebd0c0ae10f6077b53548,6607eef30ae10f73dc7ecf1c,2024-06-05,1,64,2548.73,0,0,0,0,2557.33,0,0,0,0,0,1.3,0,0,0,4.0,3.0769,0,0,0,0,11.6769,0,19.18,0,,"[{'Devid': '6257ecfc0ae10f54b9067940', 'Roomid': '6259035f0ae10f54b9094adb', 'Type': 2, 'Sumpercent': 1, 'Percent': 1, 'Value': 0.08, 'Money': 4, 'Power': 0}]",2024-06-05T23:51:25.293+08:00,,000000000000000000000000,000000000000000000000000,2024-06-05T00:45:38.474+08:00,2024-06-05T00:45:38.474+08:00
665ded0323ca977591fc5365,000000000000000000000000,60eebd0c0ae10f6077b53548,6607eef30ae10f73dc7ecf1c,2024-06-04,1,64,2540.97,0,0,0,0,2548.73,0,0,0,0,0,1.3,0,0,0,3.5,2.6923,0,0,0,0,10.4523,0,17.088,0,,"[{'Devid': '6257ecfc0ae10f54b9067940', 'Roomid': '6259035f0ae10f54b9094adb', 'Type': 2, 'Sumpercent': 1, 'Percent': 1, 'Value': 0.07, 'Money': 3.5, 'Power': 0}]",2024-06-04T23:45:22.44+08:00,,000000000000000000000000,000000000000000000000000,2024-06-04T00:19:15.359+08:00,2024-06-04T00:19:15.359+08:00
665ca1c223ca977591f38023,000000000000000000000000,60eebd0c0ae10f6077b53548,6607eef30ae10f73dc7ecf1c,2024-06-03,1,64,2530.75,0,0,0,0,2540.97,0,0,0,0,0,1.3,0,0,0,3.5,2.6923,0,0,0,0,12.9123,0,20.286,0,,"[{'Devid': '6257ecfc0ae10f54b9067940', 'Roomid': '6259035f0ae10f54b9094adb', 'Type': 2, 'Sumpercent': 1, 'Percent': 1, 'Value': 0.07, 'Money': 3.5, 'Power': 0}]",2024-06-03T23:18:59.598+08:00,,000000000000000000000000,000000000000000000000000,2024-06-03T00:45:54.077+08:00,2024-06-03T00:45:54.077+08:00
665b51b623ca977591e6b126,000000000000000000000000,60eebd0c0ae10f6077b53548,6607eef30ae10f73dc7ecf1c,2024-06-02,1,64,2518.67,0,0,0,0,2530.75,0,0,0,0,0,1.3,0,0,0,6.0,4.6154,0,0,0,0,16.6954,0,27.704,0,,"[{'Devid': '6257ecfc0ae10f54b9067940', 'Roomid': '6259035f0ae10f54b9094adb', 'Type': 2, 'Sumpercent': 1, 'Percent': 1, 'Value': 0.12, 'Money': 6, 'Power': 0}]",2024-06-02T23:45:38.1+08:00,,000000000000000000000000,000000000000000000000000,2024-06-02T00:52:06.54+08:00,2024-06-02T00:52:06.54+08:00
6659ff6523ca977591d81f16,000000000000000000000000,60eebd0c0ae10f6077b53548,6607eef30ae10f73dc7ecf1c,2024-06-01,1,64,2510.15,0,0,0,0,2518.67,0,0,0,0,0,1.3,0,0,0,3.0,2.3077,0,0,0,0,10.8277,0,17.076,0,,"[{'Devid': '6257ecfc0ae10f54b9067940', 'Roomid': '6259035f0ae10f54b9094adb', 'Type': 2, 'Sumpercent': 1, 'Percent': 1, 'Value': 0.06, 'Money': 3, 'Power': 0}]",2024-06-01T23:51:50.716+08:00,,000000000000000000000000,000000000000000000000000,2024-06-01T00:48:37.44+08:00,2024-06-01T00:48:37.44+08:00
6658a68223ca977591c415d4,000000000000000000000000,60eebd0c0ae10f6077b53548,6607eef30ae10f73dc7ecf1c,2024-05-31,1,64,2500.47,0,0,0,0,2510.15,0,0,0,0,0,1.3,0,0,0,7.0,5.3846,0,0,0,0,15.0646,0,26.584,0,,"[{'Devid': '6257ecfc0ae10f54b9067940', 'Roomid': '6259035f0ae10f54b9094adb', 'Type': 2, 'Sumpercent': 1, 'Percent': 1, 'Value': 0.14, 'Money': 7, 'Power': 0}]",2024-05-31T23:48:21.402+08:00,,000000000000000000000000,000000000000000000000000,2024-05-31T00:17:06.915+08:00,2024-05-31T00:17:06.915+08:00
66575c9023ca977591bc397e,000000000000000000000000,60eebd0c0ae10f6077b53548,6607eef30ae10f73dc7ecf1c,2024-05-30,1,64,2490.69,0,0,0,0,2500.47,0,0,0,0,0,1.3,0,0,0,7.0,5.3846,0,0,0,0,15.1646,0,26.714,0,,"[{'Devid': '6257ecfc0ae10f54b9067940', 'Roomid': '6259035f0ae10f54b9094adb', 'Type': 2, 'Sumpercent': 1, 'Percent': 1, 'Value': 0.14, 'Money': 7, 'Power': 0}]",2024-05-30T23:16:50.876+08:00,,000000000000000000000000,000000000000000000000000,2024-05-30T00:49:20.699+08:00,2024-05-30T00:49:20.699+08:00
66560b1823ca977591ae5718,000000000000000000000000,60eebd0c0ae10f6077b53548,6607eef30ae10f73dc7ecf1c,2024-05-29,1,64,2481.05,0,0,0,0,2490.69,0,0,0,0,0,1.3,0,0,0,5.0,3.8462,0,0,0,0,13.4862,0,22.5321,0,,"[{'Devid': '6257ecfc0ae10f54b9067940', 'Roomid': '6259035f0ae10f54b9094adb', 'Type': 2, 'Sumpercent': 1, 'Percent': 1, 'Value': 0.1, 'Money': 5, 'Power': 0}]",2024-05-29T23:49:04.983+08:00,,000000000000000000000000,000000000000000000000000,2024-05-29T00:49:28.403+08:00,2024-05-29T00:49:28.403+08:00
6654bb3123ca977591a1963a,000000000000000000000000,60eebd0c0ae10f6077b53548,6607eef30ae10f73dc7ecf1c,2024-05-28,1,64,2473.43,0,0,0,0,2481.05,0,0,0,0,0,1.3,0,0,0,5.0,3.8462,0,0,0,0,11.4662,0,19.9061,0,,"[{'Devid': '6257ecfc0ae10f54b9067940', 'Roomid': '6259035f0ae10f54b9094adb', 'Type': 2, 'Sumpercent': 1, 'Percent': 1, 'Value': 0.1, 'Money': 5, 'Power': 0}]",2024-05-28T23:49:12.229+08:00,,000000000000000000000000,000000000000000000000000,2024-05-28T00:56:17.349+08:00,2024-05-28T00:56:17.349+08:00
6653608e23ca9775918c14a5,000000000000000000000000,60eebd0c0ae10f6077b53548,6607eef30ae10f73dc7ecf1c,2024-05-27,1,64,2463.69,0,0,0,0,2473.43,0,0,0,0,0,1.3,0,0,0,3.0,2.3077,0,0,0,0,12.0477,0,18.662,0,,"[{'Devid': '6257ecfc0ae10f54b9067940', 'Roomid': '6259035f0ae10f54b9094adb', 'Type': 2, 'Sumpercent': 1, 'Percent': 1, 'Value': 0.06, 'Money': 3, 'Power': 0}]",2024-05-27T23:56:01.653+08:00,,000000000000000000000000,000000000000000000000000,2024-05-27T00:17:18.529+08:00,2024-05-27T00:17:18.529+08:00
665215cf23ca972894da911b,000000000000000000000000,60eebd0c0ae10f6077b53548,6607eef30ae10f73dc7ecf1c,2024-05-26,1,64,2452.46,0,0,0,0,2463.69,0,0,0,0,0,1.3,0,0,0,8.5,6.5385,0,0,0,0,17.7685,0,31.5991,0,,"[{'Devid': '6257ecfc0ae10f54b9067940', 'Roomid': '6259035f0ae10f54b9094adb', 'Type': 2, 'Sumpercent': 1, 'Percent': 1, 'Value': 0.17, 'Money': 8.5, 'Power': 0}]",2024-05-26T23:17:01.857+08:00,,000000000000000000000000,000000000000000000000000,2024-05-26T00:46:07.8+08:00,2024-05-26T00:46:07.8+08:00
6650c44523ca972894cd07dd,000000000000000000000000,60eebd0c0ae10f6077b53548,6607eef30ae10f73dc7ecf1c,2024-05-25,1,64,2440.32,0,0,0,0,2452.46,0,0,0,0,0,1.3,0,0,0,4.0,3.0769,0,0,0,0,15.2169,0,23.782,0,,"[{'Devid': '6257ecfc0ae10f54b9067940', 'Roomid': '6259035f0ae10f54b9094adb', 'Type': 2, 'Sumpercent': 1, 'Percent': 1, 'Value': 0.08, 'Money': 4, 'Power': 0}]",2024-05-25T23:45:51.516+08:00,,000000000000000000000000,000000000000000000000000,2024-05-25T00:45:57.807+08:00,2024-05-25T00:45:57.807+08:00
664f72b423ca972894becb78,000000000000000000000000,60eebd0c0ae10f6077b53548,6607eef30ae10f73dc7ecf1c,2024-05-24,1,64,2426.76,0,0,0,0,2440.32,0,0,0,0,0,1.3,0,0,0,10.5,8.0769,0,0,0,0,21.6369,0,38.628,0,,"[{'Devid': '6257ecfc0ae10f54b9067940', 'Roomid': '6259035f0ae10f54b9094adb', 'Type': 2, 'Sumpercent': 1, 'Percent': 1, 'Value': 0.21, 'Money': 10.5, 'Power': 0}]",2024-05-24T23:45:40.649+08:00,,000000000000000000000000,000000000000000000000000,2024-05-24T00:45:40.408+08:00,2024-05-24T00:45:40.408+08:00
664e1a8323ca972894ab1876,000000000000000000000000,60eebd0c0ae10f6077b53548,6607eef30ae10f73dc7ecf1c,2024-05-23,1,64,2416.69,0,0,0,0,2426.76,0,0,0,0,0,1.3,0,0,0,4.5,3.4615,0,0,0,0,13.5315,0,22.091,0,,"[{'Devid': '6257ecfc0ae10f54b9067940', 'Roomid': '6259035f0ae10f54b9094adb', 'Type': 2, 'Sumpercent': 1, 'Percent': 1, 'Value': 0.09, 'Money': 4.5, 'Power': 0}]",2024-05-23T23:45:23.552+08:00,,000000000000000000000000,000000000000000000000000,2024-05-23T00:17:07.134+08:00,2024-05-23T00:17:07.134+08:00
664cd04523ca972894a3272f,000000000000000000000000,60eebd0c0ae10f6077b53548,6607eef30ae10f73dc7ecf1c,2024-05-22,1,64,2407.05,0,0,0,0,2416.69,0,0,0,0,0,1.3,0,0,0,5.0,3.8462,0,0,0,0,13.4862,0,22.5321,0,,"[{'Devid': '6257ecfc0ae10f54b9067940', 'Roomid': '6259035f0ae10f54b9094adb', 'Type': 2, 'Sumpercent': 1, 'Percent': 1, 'Value': 0.1, 'Money': 5, 'Power': 0}]",2024-05-22T23:16:51.044+08:00,,000000000000000000000000,000000000000000000000000,2024-05-22T00:48:05.157+08:00,2024-05-22T00:48:05.157+08:00
664b7fb423ca972894962354,000000000000000000000000,60eebd0c0ae10f6077b53548,6607eef30ae10f73dc7ecf1c,2024-05-21,1,64,2398.75,0,0,0,0,2407.05,0,0,0,0,0,1.3,0,0,0,4.5,3.4615,0,0,0,0,11.7615,0,19.79,0,,"[{'Devid': '6257ecfc0ae10f54b9067940', 'Roomid': '6259035f0ae10f54b9094adb', 'Type': 2, 'Sumpercent': 1, 'Percent': 1, 'Value': 0.09, 'Money': 4.5, 'Power': 0}]",2024-05-21T23:47:48.895+08:00,,000000000000000000000000,000000000000000000000000,2024-05-21T00:52:04.787+08:00,2024-05-21T00:52:04.787+08:00
664a2eb023ca9728948827aa,000000000000000000000000,60eebd0c0ae10f6077b53548,6607eef30ae10f73dc7ecf1c,2024-05-20,1,64,2389.93,0,0,0,0,2398.75,0,0,0,0,0,1.3,0,0,0,7.5,5.7692,0,0,0,0,14.5892,0,26.466,0,,"[{'Devid': '6257ecfc0ae10f54b9067940', 'Roomid': '6259035f0ae10f54b9094adb', 'Type': 2, 'Sumpercent': 1, 'Percent': 1, 'Value': 0.15, 'Money': 7.5, 'Power': 0}]",2024-05-20T23:51:48.146+08:00,,000000000000000000000000,000000000000000000000000,2024-05-20T00:54:08.298+08:00,2024-05-20T00:54:08.298+08:00
6648d50c23ca97060b318d45,000000000000000000000000,60eebd0c0ae10f6077b53548,6607eef30ae10f73dc7ecf1c,2024-05-19,1,64,2379.4,0,0,0,0,2389.93,0,0,0,0,0,1.3,0,0,0,8.5,6.5385,0,0,0,0,17.0685,0,30.6891,0,,"[{'Devid': '6257ecfc0ae10f54b9067940', 'Roomid': '6259035f0ae10f54b9094adb', 'Type': 2, 'Sumpercent': 1, 'Percent': 1, 'Value': 0.17, 'Money': 8.5, 'Power': 0}]",2024-05-19T23:53:51.949+08:00,,000000000000000000000000,000000000000000000000000,2024-05-19T00:19:24.375+08:00,2024-05-19T00:19:24.375+08:00
664789cd23ca97060b28e061,000000000000000000000000,60eebd0c0ae10f6077b53548,6607eef30ae10f73dc7ecf1c,2024-05-18,1,64,2366.88,0,0,0,0,2379.4,0,0,0,0,0,1.3,0,0,0,4.0,3.0769,0,0,0,0,15.5969,0,24.276,0,,"[{'Devid': '6257ecfc0ae10f54b9067940', 'Roomid': '6259035f0ae10f54b9094adb', 'Type': 2, 'Sumpercent': 1, 'Percent': 1, 'Value': 0.08, 'Money': 4, 'Power': 0}]",2024-05-18T23:19:08.239+08:00,,000000000000000000000000,000000000000000000000000,2024-05-18T00:46:05.201+08:00,2024-05-18T00:46:05.201+08:00
6646384123ca97060b1acd9e,000000000000000000000000,60eebd0c0ae10f6077b53548,6607eef30ae10f73dc7ecf1c,2024-05-17,1,64,2357.93,0,0,0,0,2366.88,0,0,0,0,0,1.3,0,0,0,5.5,4.2308,0,0,0,0,13.1808,0,22.635,0,,"[{'Devid': '6257ecfc0ae10f54b9067940', 'Roomid': '6259035f0ae10f54b9094adb', 'Type': 2, 'Sumpercent': 1, 'Percent': 1, 'Value': 0.11, 'Money': 5.5, 'Power': 0}]",2024-05-17T23:45:49.251+08:00,,000000000000000000000000,000000000000000000000000,2024-05-17T00:45:53.555+08:00,2024-05-17T00:45:53.555+08:00
6644e83b23ca97060b0e0f5a,000000000000000000000000,60eebd0c0ae10f6077b53548,6607eef30ae10f73dc7ecf1c,2024-05-16,1,64,2350.46,0,0,0,0,2357.93,0,0,0,0,0,1.3,0,0,0,5.0,3.8462,0,0,0,0,11.3162,0,19.7111,0,,"[{'Devid': '6257ecfc0ae10f54b9067940', 'Roomid': '6259035f0ae10f54b9094adb', 'Type': 2, 'Sumpercent': 1, 'Percent': 1, 'Value': 0.1, 'Money': 5, 'Power': 0}]",2024-05-16T23:45:37.632+08:00,,000000000000000000000000,000000000000000000000000,2024-05-16T00:52:11.324+08:00,2024-05-16T00:52:11.324+08:00
6643952423ca97060bfef16b,000000000000000000000000,60eebd0c0ae10f6077b53548,6607eef30ae10f73dc7ecf1c,2024-05-15,1,64,2342.54,0,0,0,0,2350.46,0,0,0,0,0,1.3,0,0,0,6.0,4.6154,0,0,0,0,12.5354,0,22.296,0,,"[{'Devid': '6257ecfc0ae10f54b9067940', 'Roomid': '6259035f0ae10f54b9094adb', 'Type': 2, 'Sumpercent': 1, 'Percent': 1, 'Value': 0.12, 'Money': 6, 'Power': 0}]",2024-05-15T23:51:55.515+08:00,,000000000000000000000000,000000000000000000000000,2024-05-15T00:45:24.776+08:00,2024-05-15T00:45:24.776+08:00
6642453e23ca97060bf22fbc,000000000000000000000000,60eebd0c0ae10f6077b53548,6607eef30ae10f73dc7ecf1c,2024-05-14,1,64,2335.69,0,0,0,0,2342.54,0,0,0,0,0,1.3,0,0,0,4.5,3.4615,0,0,0,0,10.3115,0,17.905,0,,"[{'Devid': '6257ecfc0ae10f54b9067940', 'Roomid': '6259035f0ae10f54b9094adb', 'Type': 2, 'Sumpercent': 1, 'Percent': 1, 'Value': 0.09, 'Money': 4.5, 'Power': 0}]",2024-05-14T23:45:08.625+08:00,,000000000000000000000000,000000000000000000000000,2024-05-14T00:52:14.371+08:00,2024-05-14T00:52:14.371+08:00
6640e82023ca97060bda2994,000000000000000000000000,60eebd0c0ae10f6077b53548,6607eef30ae10f73dc7ecf1c,2024-05-13,1,64,2327.44,0,0,0,0,2335.69,0,0,0,0,0,1.3,0,0,0,16.5,12.6923,0,0,0,0,20.9423,0,43.725,0,,"[{'Devid': '6257ecfc0ae10f54b9067940', 'Roomid': '6259035f0ae10f54b9094adb', 'Type': 2, 'Sumpercent': 1, 'Percent': 1, 'Value': 0.33, 'Money': 16.5, 'Power': 0}]",2024-05-13T23:51:58.319+08:00,,000000000000000000000000,000000000000000000000000,2024-05-13T00:02:40.381+08:00,2024-05-13T00:02:40.381+08:00
663fa0c323ca975b3952b565,000000000000000000000000,60eebd0c0ae10f6077b53548,6607eef30ae10f73dc7ecf1c,2024-05-12,1,64,2320.26,0,0,0,0,2327.44,0,0,0,0,0,1.3,0,0,0,7.0,5.3846,0,0,0,0,12.5646,0,23.334,0,,"[{'Devid': '6257ecfc0ae10f54b9067940', 'Roomid': '6259035f0ae10f54b9094adb', 'Type': 2, 'Sumpercent': 1, 'Percent': 1, 'Value': 0.14, 'Money': 7, 'Power': 0}]",2024-05-12T23:02:24.339+08:00,,000000000000000000000000,000000000000000000000000,2024-05-12T00:45:55.433+08:00,2024-05-12T00:45:55.433+08:00
663e506123ca975b39453d6d,000000000000000000000000,60eebd0c0ae10f6077b53548,6607eef30ae10f73dc7ecf1c,2024-05-11,1,64,2311.82,0,0,0,0,2320.26,0,0,0,0,0,1.3,0,0,0,6.5,5.0,0,0,0,0,13.44,0,23.972,0,,"[{'Devid': '6257ecfc0ae10f54b9067940', 'Roomid': '6259035f0ae10f54b9094adb', 'Type': 2, 'Sumpercent': 1, 'Percent': 1, 'Value': 0.13, 'Money': 6.5, 'Power': 0}]",2024-05-11T23:45:39.548+08:00,,000000000000000000000000,000000000000000000000000,2024-05-11T00:50:41.807+08:00,2024-05-11T00:50:41.807+08:00
663cfdde23ca975b3936be71,000000000000000000000000,60eebd0c0ae10f6077b53548,6607eef30ae10f73dc7ecf1c,2024-05-10,1,64,2305.29,0,0,0,0,2311.82,0,0,0,0,0,1.3,0,0,0,2.5,1.9231,0,0,0,0,8.4531,0,13.489,0,,"[{'Devid': '6257ecfc0ae10f54b9067940', 'Roomid': '6259035f0ae10f54b9094adb', 'Type': 2, 'Sumpercent': 1, 'Percent': 1, 'Value': 0.05, 'Money': 2.5, 'Power': 0}]",2024-05-10T23:50:25.453+08:00,,000000000000000000000000,000000000000000000000000,2024-05-10T00:46:22.805+08:00,2024-05-10T00:46:22.805+08:00
663bac6823ca975b3928d55e,000000000000000000000000,60eebd0c0ae10f6077b53548,6607eef30ae10f73dc7ecf1c,2024-05-09,1,64,2297.71,0,0,0,0,2305.29,0,0,0,0,0,1.3,0,0,0,7.0,5.3846,0,0,0,0,12.9646,0,23.854,0,,"[{'Devid': '6257ecfc0ae10f54b9067940', 'Roomid': '6259035f0ae10f54b9094adb', 'Type': 2, 'Sumpercent': 1, 'Percent': 1, 'Value': 0.14, 'Money': 7, 'Power': 0}]",2024-05-09T23:46:06.537+08:00,,000000000000000000000000,000000000000000000000000,2024-05-09T00:46:32.832+08:00,2024-05-09T00:46:32.832+08:00
663a5b0623ca975b3916e192,000000000000000000000000,60eebd0c0ae10f6077b53548,6607eef30ae10f73dc7ecf1c,2024-05-08,1,64,2289.32,0,0,0,0,2297.71,0,0,0,0,0,1.3,0,0,0,1.5,1.1538,0,0,0,0,9.5438,0,13.9069,0,,"[{'Devid': '6257ecfc0ae10f54b9067940', 'Roomid': '6259035f0ae10f54b9094adb', 'Type': 2, 'Sumpercent': 1, 'Percent': 1, 'Value': 0.03, 'Money': 1.5, 'Power': 0}]",2024-05-08T23:46:16.542+08:00,,000000000000000000000000,000000000000000000000000,2024-05-08T00:47:02.362+08:00,2024-05-08T00:47:02.362+08:00
6639094f23ca976315359679,000000000000000000000000,60eebd0c0ae10f6077b53548,6607eef30ae10f73dc7ecf1c,2024-05-07,1,64,2280.22,0,0,0,0,2289.32,0,0,0,0,0,1.3,0,0,0,11.5,8.8462,0,0,0,0,17.9462,0,34.8301,0,,"[{'Devid': '6257ecfc0ae10f54b9067940', 'Roomid': '6259035f0ae10f54b9094adb', 'Type': 2, 'Sumpercent': 1, 'Percent': 1, 'Value': 0.23, 'Money': 11.5, 'Power': 0}]",2024-05-07T23:46:05.045+08:00,,000000000000000000000000,000000000000000000000000,2024-05-07T00:46:07.263+08:00,2024-05-07T00:46:07.263+08:00
6637b80423ca97631522dc49,000000000000000000000000,60eebd0c0ae10f6077b53548,6607eef30ae10f73dc7ecf1c,2024-05-06,1,64,2272.18,0,0,0,0,2280.22,0,0,0,0,0,1.3,0,0,0,0.0,0.0,0,0,0,0,8.04,0,10.452,0,,[],2024-05-06T23:45:51.301+08:00,,000000000000000000000000,000000000000000000000000,2024-05-06T00:47:00.514+08:00,2024-05-06T00:47:00.514+08:00
6636665c23ca97631519dc84,000000000000000000000000,60eebd0c0ae10f6077b53548,6607eef30ae10f73dc7ecf1c,2024-05-05,1,64,2262.12,0,0,0,0,2272.18,0,0,0,0,0,1.3,0,0,0,6.5,5.0,0,0,0,0,15.06,0,26.078,0,,"[{'Devid': '6257ecfc0ae10f54b9067940', 'Roomid': '6259035f0ae10f54b9094adb', 'Type': 2, 'Sumpercent': 1, 'Percent': 1, 'Value': 0.13, 'Money': 6.5, 'Power': 0}]",2024-05-05T23:45:35.008+08:00,,000000000000000000000000,000000000000000000000000,2024-05-05T00:46:20.182+08:00,2024-05-05T00:46:20.182+08:00
663514d323ca9763150c230c,000000000000000000000000,60eebd0c0ae10f6077b53548,6607eef30ae10f73dc7ecf1c,2024-05-04,1,64,2255.5,0,0,0,0,2262.12,0,0,0,0,0,1.3,0,0,0,7.5,5.7692,0,0,0,0,12.3892,0,23.606,0,,"[{'Devid': '6257ecfc0ae10f54b9067940', 'Roomid': '6259035f0ae10f54b9094adb', 'Type': 2, 'Sumpercent': 1, 'Percent': 1, 'Value': 0.15, 'Money': 7.5, 'Power': 0}]",2024-05-04T23:46:04.149+08:00,,000000000000000000000000,000000000000000000000000,2024-05-04T00:46:11.844+08:00,2024-05-04T00:46:11.844+08:00
6633c38a23ca976315fec7d4,000000000000000000000000,60eebd0c0ae10f6077b53548,6607eef30ae10f73dc7ecf1c,2024-05-03,1,64,2250.02,0,0,0,0,2255.5,0,0,0,0,0,1.3,0,0,0,0.5,0.3846,0,0,0,0,5.8646,0,8.124,0,,"[{'Devid': '6257ecfc0ae10f54b9067940', 'Roomid': '6259035f0ae10f54b9094adb', 'Type': 2, 'Sumpercent': 1, 'Percent': 1, 'Value': 0.01, 'Money': 0.5, 'Power': 0}]",2024-05-03T23:45:56.309+08:00,,000000000000000000000000,000000000000000000000000,2024-05-03T00:47:06.995+08:00,2024-05-03T00:47:06.995+08:00
663271ba23ca976315f055ab,000000000000000000000000,60eebd0c0ae10f6077b53548,6607eef30ae10f73dc7ecf1c,2024-05-02,1,64,2243.97,0,0,0,0,2250.02,0,0,0,0,0,1.3,0,0,0,4.0,3.0769,0,0,0,0,9.1269,0,15.865,0,,"[{'Devid': '6257ecfc0ae10f54b9067940', 'Roomid': '6259035f0ae10f54b9094adb', 'Type': 2, 'Sumpercent': 1, 'Percent': 1, 'Value': 0.08, 'Money': 4, 'Power': 0}]",2024-05-02T23:46:50.778+08:00,,000000000000000000000000,000000000000000000000000,2024-05-02T00:45:46.046+08:00,2024-05-02T00:45:46.046+08:00
663121c423ca976315e3d233,000000000000000000000000,60eebd0c0ae10f6077b53548,6607eef30ae10f73dc7ecf1c,2024-05-01,1,64,2238.22,0,0,0,0,2243.97,0,0,0,0,0,1.3,0,0,0,4.5,3.4615,0,0,0,0,9.2115,0,16.475,0,,"[{'Devid': '6257ecfc0ae10f54b9067940', 'Roomid': '6259035f0ae10f54b9094adb', 'Type': 2, 'Sumpercent': 1, 'Percent': 1, 'Value': 0.09, 'Money': 4.5, 'Power': 0}]",2024-05-01T23:45:30.235+08:00,,000000000000000000000000,000000000000000000000000,2024-05-01T00:52:20.141+08:00,2024-05-01T00:52:20.141+08:00
662fd01f23ca976315d5ceb0,000000000000000000000000,60eebd0c0ae10f6077b53548,6607eef30ae10f73dc7ecf1c,2024-04-30,1,64,2231.93,0,0,0,0,2238.22,0,0,0,0,0,1.3,0,0,0,6.5,5.0,0,0,0,0,11.29,0,21.177,0,,"[{'Devid': '6257ecfc0ae10f54b9067940', 'Roomid': '6259035f0ae10f54b9094adb', 'Type': 2, 'Sumpercent': 1, 'Percent': 1, 'Value': 0.13, 'Money': 6.5, 'Power': 0}]",2024-04-30T23:52:04.518+08:00,,000000000000000000000000,000000000000000000000000,2024-04-30T00:51:43.301+08:00,2024-04-30T00:51:43.301+08:00
662e7d5d23ca976315c6ed32,000000000000000000000000,60eebd0c0ae10f6077b53548,6607eef30ae10f73dc7ecf1c,2024-04-29,1,64,2222.08,0,0,0,0,2231.93,0,0,0,0,0,1.3,0,0,0,5.0,3.8462,0,0,0,0,13.6962,0,22.8051,0,,"[{'Devid': '6257ecfc0ae10f54b9067940', 'Roomid': '6259035f0ae10f54b9094adb', 'Type': 2, 'Sumpercent': 1, 'Percent': 1, 'Value': 0.1, 'Money': 5, 'Power': 0}]",2024-04-29T23:51:26.749+08:00,,000000000000000000000000,000000000000000000000000,2024-04-29T00:46:21.249+08:00,2024-04-29T00:46:21.249+08:00
662d2be823ca976315b91971,000000000000000000000000,60eebd0c0ae10f6077b53548,6607eef30ae10f73dc7ecf1c,2024-04-28,1,64,2214.21,0,0,0,0,2222.08,0,0,0,0,0,1.3,0,0,0,0.0,0.0,0,0,0,0,7.87,0,10.231,0,,[],2024-04-28T23:46:04.609+08:00,,000000000000000000000000,000000000000000000000000,2024-04-28T00:46:32.958+08:00,2024-04-28T00:46:32.958+08:00
662bda3a23ca976315ab14a3,000000000000000000000000,60eebd0c0ae10f6077b53548,6607eef30ae10f73dc7ecf1c,2024-04-27,1,64,2206.91,0,0,0,0,2214.21,0,0,0,0,0,1.3,0,0,0,12.0,9.2308,0,0,0,0,16.5308,0,33.49,0,,"[{'Devid': '6257ecfc0ae10f54b9067940', 'Roomid': '6259035f0ae10f54b9094adb', 'Type': 2, 'Sumpercent': 1, 'Percent': 1, 'Value': 0.24, 'Money': 12, 'Power': 0}]",2024-04-27T23:46:16.491+08:00,,000000000000000000000000,000000000000000000000000,2024-04-27T00:45:46.483+08:00,2024-04-27T00:45:46.483+08:00
662a895e23ca9763159d9f8f,000000000000000000000000,60eebd0c0ae10f6077b53548,6607eef30ae10f73dc7ecf1c,2024-04-26,1,64,2199.26,0,0,0,0,2206.91,0,0,0,0,0,1.3,0,0,0,4.0,3.0769,0,0,0,0,10.7269,0,17.945,0,,"[{'Devid': '6257ecfc0ae10f54b9067940', 'Roomid': '6259035f0ae10f54b9094adb', 'Type': 2, 'Sumpercent': 1, 'Percent': 1, 'Value': 0.08, 'Money': 4, 'Power': 0}]",2024-04-26T23:45:30.596+08:00,,000000000000000000000000,000000000000000000000000,2024-04-26T00:48:30.383+08:00,2024-04-26T00:48:30.383+08:00
6629376523ca9763158f552b,000000000000000000000000,60eebd0c0ae10f6077b53548,6607eef30ae10f73dc7ecf1c,2024-04-25,1,64,2190.03,0,0,0,0,2199.26,0,0,0,0,0,1.3,0,0,0,12.5,9.6154,0,0,0,0,18.8454,0,36.999,0,,"[{'Devid': '6257ecfc0ae10f54b9067940', 'Roomid': '6259035f0ae10f54b9094adb', 'Type': 2, 'Sumpercent': 1, 'Percent': 1, 'Value': 0.25, 'Money': 12.5, 'Power': 0}]",2024-04-25T23:48:14.216+08:00,,000000000000000000000000,000000000000000000000000,2024-04-25T00:46:29.459+08:00,2024-04-25T00:46:29.459+08:00
6627e5dd23ca976315815e76,000000000000000000000000,60eebd0c0ae10f6077b53548,6607eef30ae10f73dc7ecf1c,2024-04-24,1,64,2181.88,0,0,0,0,2190.03,0,0,0,0,0,1.3,0,0,0,5.0,3.8462,0,0,0,0,11.9962,0,20.5951,0,,"[{'Devid': '6257ecfc0ae10f54b9067940', 'Roomid': '6259035f0ae10f54b9094adb', 'Type': 2, 'Sumpercent': 1, 'Percent': 1, 'Value': 0.1, 'Money': 5, 'Power': 0}]",2024-04-24T23:46:12.953+08:00,,000000000000000000000000,000000000000000000000000,2024-04-24T00:46:21.686+08:00,2024-04-24T00:46:21.686+08:00
6626a4eb23ca97631575fd4b,000000000000000000000000,60eebd0c0ae10f6077b53548,6607eef30ae10f73dc7ecf1c,2024-04-23,1,64,2175.9,0,0,0,0,2181.88,0,0,0,0,0,1.3,0,0,0,2.0,1.5385,0,0,0,0,7.5185,0,11.7741,0,,"[{'Devid': '6257ecfc0ae10f54b9067940', 'Roomid': '6259035f0ae10f54b9094adb', 'Type': 2, 'Sumpercent': 1, 'Percent': 1, 'Value': 0.04, 'Money': 2, 'Power': 0}]",2024-04-23T23:46:05.052+08:00,,000000000000000000000000,000000000000000000000000,2024-04-23T01:56:59.104+08:00,2024-04-23T01:56:59.104+08:00
6625440623ca976315662341,000000000000000000000000,60eebd0c0ae10f6077b53548,6607eef30ae10f73dc7ecf1c,2024-04-22,1,64,2169.58,0,0,0,0,2175.9,0,0,0,0,0,1.3,0,0,0,5.5,4.2308,0,0,0,0,10.5508,0,19.216,0,,"[{'Devid': '6257ecfc0ae10f54b9067940', 'Roomid': '6259035f0ae10f54b9094adb', 'Type': 2, 'Sumpercent': 1, 'Percent': 1, 'Value': 0.11, 'Money': 5.5, 'Power': 0}]",2024-04-22T23:45:25.038+08:00,,000000000000000000000000,000000000000000000000000,2024-04-22T00:51:18.85+08:00,2024-04-22T00:51:18.85+08:00
6623f2e823ca976315587c36,000000000000000000000000,60eebd0c0ae10f6077b53548,6607eef30ae10f73dc7ecf1c,2024-04-21,1,64,2162.7,0,0,0,0,2169.58,0,0,0,0,0,1.3,0,0,0,5.0,3.8462,0,0,0,0,10.7262,0,18.9441,0,,"[{'Devid': '6257ecfc0ae10f54b9067940', 'Roomid': '6259035f0ae10f54b9094adb', 'Type': 2, 'Sumpercent': 1, 'Percent': 1, 'Value': 0.1, 'Money': 5, 'Power': 0}]",2024-04-21T23:51:03.112+08:00,,000000000000000000000000,000000000000000000000000,2024-04-21T00:52:56.002+08:00,2024-04-21T00:52:56.002+08:00
662295b623ca97631540776d,000000000000000000000000,60eebd0c0ae10f6077b53548,6607eef30ae10f73dc7ecf1c,2024-04-20,1,64,2155.41,0,0,0,0,2162.7,0,0,0,0,0,1.3,0,0,0,8.0,6.1538,0,0,0,0,13.4438,0,25.4769,0,,"[{'Devid': '6257ecfc0ae10f54b9067940', 'Roomid': '6259035f0ae10f54b9094adb', 'Type': 2, 'Sumpercent': 1, 'Percent': 1, 'Value': 0.16, 'Money': 8, 'Power': 0}]",2024-04-20T23:52:39.98+08:00,,000000000000000000000000,000000000000000000000000,2024-04-20T00:03:02.48+08:00,2024-04-20T00:03:02.48+08:00
66214eec23ca9763153c31e4,000000000000000000000000,60eebd0c0ae10f6077b53548,6607eef30ae10f73dc7ecf1c,2024-04-19,1,64,2147.56,0,0,0,0,2155.41,0,0,0,0,0,1.3,0,0,0,2.5,1.9231,0,0,0,0,9.7731,0,15.205,0,,"[{'Devid': '6257ecfc0ae10f54b9067940', 'Roomid': '6259035f0ae10f54b9094adb', 'Type': 2, 'Sumpercent': 1, 'Percent': 1, 'Value': 0.05, 'Money': 2.5, 'Power': 0}]",2024-04-19T23:02:46.757+08:00,,000000000000000000000000,000000000000000000000000,2024-04-19T00:48:44.852+08:00,2024-04-19T00:48:44.852+08:00
661ffcb523ca9763152df596,000000000000000000000000,60eebd0c0ae10f6077b53548,6607eef30ae10f73dc7ecf1c,2024-04-18,1,64,2141.43,0,0,0,0,2147.56,0,0,0,0,0,1.3,0,0,0,4.5,3.4615,0,0,0,0,9.5915,0,16.969,0,,"[{'Devid': '6257ecfc0ae10f54b9067940', 'Roomid': '6259035f0ae10f54b9094adb', 'Type': 2, 'Sumpercent': 1, 'Percent': 1, 'Value': 0.09, 'Money': 4.5, 'Power': 0}]",2024-04-18T23:48:28.507+08:00,,000000000000000000000000,000000000000000000000000,2024-04-18T00:45:41.578+08:00,2024-04-18T00:45:41.578+08:00
661eab6b23ca976315202c2f,000000000000000000000000,60eebd0c0ae10f6077b53548,6607eef30ae10f73dc7ecf1c,2024-04-17,1,64,2136.61,0,0,0,0,2141.43,0,0,0,0,0,1.3,0,0,0,4.0,3.0769,0,0,0,0,7.8969,0,14.266,0,,"[{'Devid': '6257ecfc0ae10f54b9067940', 'Roomid': '6259035f0ae10f54b9094adb', 'Type': 2, 'Sumpercent': 1, 'Percent': 1, 'Value': 0.08, 'Money': 4, 'Power': 0}]",2024-04-17T23:45:25.391+08:00,,000000000000000000000000,000000000000000000000000,2024-04-17T00:46:35.339+08:00,2024-04-17T00:46:35.339+08:00
661d5c5723ca976315142380,000000000000000000000000,60eebd0c0ae10f6077b53548,6607eef30ae10f73dc7ecf1c,2024-04-16,1,64,2130.32,0,0,0,0,2136.61,0,0,0,0,0,1.3,0,0,0,5.5,4.2308,0,0,0,0,10.5208,0,19.177,0,,"[{'Devid': '6257ecfc0ae10f54b9067940', 'Roomid': '6259035f0ae10f54b9094adb', 'Type': 2, 'Sumpercent': 1, 'Percent': 1, 'Value': 0.11, 'Money': 5.5, 'Power': 0}]",2024-04-16T23:46:19.139+08:00,,000000000000000000000000,000000000000000000000000,2024-04-16T00:56:55.705+08:00,2024-04-16T00:56:55.705+08:00
661c084923ca9763150476f4,000000000000000000000000,60eebd0c0ae10f6077b53548,6607eef30ae10f73dc7ecf1c,2024-04-15,1,64,2122.33,0,0,0,0,2130.32,0,0,0,0,0,1.3,0,0,0,7.5,5.7692,0,0,0,0,13.7592,0,25.387,0,,"[{'Devid': '6257ecfc0ae10f54b9067940', 'Roomid': '6259035f0ae10f54b9094adb', 'Type': 2, 'Sumpercent': 1, 'Percent': 1, 'Value': 0.15, 'Money': 7.5, 'Power': 0}]",2024-04-15T23:56:39.92+08:00,,000000000000000000000000,000000000000000000000000,2024-04-15T00:46:01.607+08:00,2024-04-15T00:46:01.607+08:00
661ab85f23ca976315f7f731,000000000000000000000000,60eebd0c0ae10f6077b53548,6607eef30ae10f73dc7ecf1c,2024-04-14,1,64,2116.52,0,0,0,0,2122.33,0,0,0,0,0,1.3,0,0,0,7.5,5.7692,0,0,0,0,11.5792,0,22.553,0,,"[{'Devid': '6257ecfc0ae10f54b9067940', 'Roomid': '6259035f0ae10f54b9094adb', 'Type': 2, 'Sumpercent': 1, 'Percent': 1, 'Value': 0.15, 'Money': 7.5, 'Power': 0}]",2024-04-14T23:45:45.461+08:00,,000000000000000000000000,000000000000000000000000,2024-04-14T00:52:47.465+08:00,2024-04-14T00:52:47.465+08:00
6619662223ca976315e9af1c,000000000000000000000000,60eebd0c0ae10f6077b53548,6607eef30ae10f73dc7ecf1c,2024-04-13,1,64,2114.23,0,0,0,0,2116.52,0,0,0,0,0,1.3,0,0,0,0.0,0.0,0,0,0,0,2.29,0,2.977,0,,[],2024-04-13T23:52:31.121+08:00,,000000000000000000000000,000000000000000000000000,2024-04-13T00:49:38.731+08:00,2024-04-13T00:49:38.731+08:00
6618151223ca9759b5d0d42d,000000000000000000000000,60eebd0c0ae10f6077b53548,6607eef30ae10f73dc7ecf1c,2024-04-12,1,64,2109.94,0,0,0,0,2114.23,0,0,0,0,0,1.3,0,0,0,10.0,7.6923,0,0,0,0,11.9823,0,25.577,0,,"[{'Devid': '6257ecfc0ae10f54b9067940', 'Roomid': '6259035f0ae10f54b9094adb', 'Type': 2, 'Sumpercent': 1, 'Percent': 1, 'Value': 0.2, 'Money': 10, 'Power': 0}]",2024-04-12T23:49:22.832+08:00,,000000000000000000000000,000000000000000000000000,2024-04-12T00:51:30.078+08:00,2024-04-12T00:51:30.078+08:00
6616c24423ca9759b5c228fd,000000000000000000000000,60eebd0c0ae10f6077b53548,6607eef30ae10f73dc7ecf1c,2024-04-11,1,64,2104.02,0,0,0,0,2109.94,0,0,0,0,0,1.3,0,0,0,4.5,3.4615,0,0,0,0,9.3815,0,16.696,0,,"[{'Devid': '6257ecfc0ae10f54b9067940', 'Roomid': '6259035f0ae10f54b9094adb', 'Type': 2, 'Sumpercent': 1, 'Percent': 1, 'Value': 0.09, 'Money': 4.5, 'Power': 0}]",2024-04-11T23:56:34.833+08:00,,000000000000000000000000,000000000000000000000000,2024-04-11T00:45:56.983+08:00,2024-04-11T00:45:56.983+08:00
661570ba23ca9759b5b46fce,000000000000000000000000,60eebd0c0ae10f6077b53548,6607eef30ae10f73dc7ecf1c,2024-04-10,1,64,2098.57,0,0,0,0,2104.02,0,0,0,0,0,1.3,0,0,0,4.0,3.0769,0,0,0,0,8.5269,0,15.085,0,,"[{'Devid': '6257ecfc0ae10f54b9067940', 'Roomid': '6259035f0ae10f54b9094adb', 'Type': 2, 'Sumpercent': 1, 'Percent': 1, 'Value': 0.08, 'Money': 4, 'Power': 0}]",2024-04-10T23:45:41.668+08:00,,000000000000000000000000,000000000000000000000000,2024-04-10T00:45:46.238+08:00,2024-04-10T00:45:46.238+08:00
6614206323ca9759b5a782a8,000000000000000000000000,60eebd0c0ae10f6077b53548,6607eef30ae10f73dc7ecf1c,2024-04-09,1,64,2093.93,0,0,0,0,2098.57,0,0,0,0,0,1.3,0,0,0,9.0,6.9231,0,0,0,0,11.5631,0,24.032,0,,"[{'Devid': '6257ecfc0ae10f54b9067940', 'Roomid': '6259035f0ae10f54b9094adb', 'Type': 2, 'Sumpercent': 1, 'Percent': 1, 'Value': 0.18, 'Money': 9, 'Power': 0}]",2024-04-09T23:45:30.723+08:00,,000000000000000000000000,000000000000000000000000,2024-04-09T00:50:43.771+08:00,2024-04-09T00:50:43.771+08:00
6612de5623ca9759b59b23f4,000000000000000000000000,60eebd0c0ae10f6077b53548,6607eef30ae10f73dc7ecf1c,2024-04-08,1,64,2088.94,0,0,0,0,2093.93,0,0,0,0,0,1.3,0,0,0,4.0,3.0769,0,0,0,0,8.0669,0,14.487,0,,"[{'Devid': '6257ecfc0ae10f54b9067940', 'Roomid': '6259035f0ae10f54b9094adb', 'Type': 2, 'Sumpercent': 1, 'Percent': 1, 'Value': 0.08, 'Money': 4, 'Power': 0}]",2024-04-08T23:50:28.609+08:00,,000000000000000000000000,000000000000000000000000,2024-04-08T01:56:38.242+08:00,2024-04-08T01:56:38.242+08:00
66117c4623ca9759b58b1977,000000000000000000000000,60eebd0c0ae10f6077b53548,6607eef30ae10f73dc7ecf1c,2024-04-07,1,64,2083.77,0,0,0,0,2088.94,0,0,0,0,0,1.3,0,0,0,2.5,1.9231,0,0,0,0,7.0931,0,11.721,0,,"[{'Devid': '6257ecfc0ae10f54b9067940', 'Roomid': '6259035f0ae10f54b9094adb', 'Type': 2, 'Sumpercent': 1, 'Percent': 1, 'Value': 0.05, 'Money': 2.5, 'Power': 0}]",2024-04-07T23:59:44.907+08:00,,000000000000000000000000,000000000000000000000000,2024-04-07T00:45:58.964+08:00,2024-04-07T00:45:58.964+08:00
66102abe23ca9759b57d67d8,000000000000000000000000,60eebd0c0ae10f6077b53548,6607eef30ae10f73dc7ecf1c,2024-04-06,1,64,2078.38,0,0,0,0,2083.77,0,0,0,0,0,1.3,0,0,0,8.5,6.5385,0,0,0,0,11.9285,0,24.0071,0,,"[{'Devid': '6257ecfc0ae10f54b9067940', 'Roomid': '6259035f0ae10f54b9094adb', 'Type': 2, 'Sumpercent': 1, 'Percent': 1, 'Value': 0.17, 'Money': 8.5, 'Power': 0}]",2024-04-06T23:45:43.762+08:00,,000000000000000000000000,000000000000000000000000,2024-04-06T00:45:50.309+08:00,2024-04-06T00:45:50.309+08:00
660edae423ca9759b57125f6,000000000000000000000000,60eebd0c0ae10f6077b53548,6607eef30ae10f73dc7ecf1c,2024-04-05,1,64,2072.94,0,0,0,0,2078.38,0,0,0,0,0,1.3,0,0,0,1.0,0.7692,0,0,0,0,6.2092,0,9.072,0,,"[{'Devid': '6257ecfc0ae10f54b9067940', 'Roomid': '6259035f0ae10f54b9094adb', 'Type': 2, 'Sumpercent': 1, 'Percent': 1, 'Value': 0.02, 'Money': 1, 'Power': 0}]",2024-04-05T23:45:35.203+08:00,,000000000000000000000000,000000000000000000000000,2024-04-05T00:52:52.824+08:00,2024-04-05T00:52:52.824+08:00
660d8ac723ca9759b56440cb,000000000000000000000000,60eebd0c0ae10f6077b53548,6607eef30ae10f73dc7ecf1c,2024-04-04,1,64,2068.71,0,0,0,0,2072.94,0,0,0,0,0,1.3,0,0,0,11.0,8.4615,0,0,0,0,12.6915,0,27.499,0,,"[{'Devid': '6257ecfc0ae10f54b9067940', 'Roomid': '6259035f0ae10f54b9094adb', 'Type': 2, 'Sumpercent': 1, 'Percent': 1, 'Value': 0.22, 'Money': 11, 'Power': 0}]",2024-04-04T23:52:37.474+08:00,,000000000000000000000000,000000000000000000000000,2024-04-04T00:58:47.482+08:00,2024-04-04T00:58:47.482+08:00
660c2cb323ca9759b54bf766,000000000000000000000000,60eebd0c0ae10f6077b53548,6607eef30ae10f73dc7ecf1c,2024-04-03,1,64,2062.89,0,0,0,0,2068.71,0,0,0,0,0,1.3,0,0,0,4.5,3.4615,0,0,0,0,9.2815,0,16.566,0,,"[{'Devid': '6257ecfc0ae10f54b9067940', 'Roomid': '6259035f0ae10f54b9094adb', 'Type': 2, 'Sumpercent': 1, 'Percent': 1, 'Value': 0.09, 'Money': 4.5, 'Power': 0}]",2024-04-03T23:58:31.744+08:00,,000000000000000000000000,000000000000000000000000,2024-04-03T00:05:07.074+08:00,2024-04-03T00:05:07.074+08:00
660ae5df23ca9759b5479007,000000000000000000000000,60eebd0c0ae10f6077b53548,6607eef30ae10f73dc7ecf1c,2024-04-02,1,64,2054.56,0,0,0,0,2062.89,0,0,0,0,0,1.3,0,0,0,5.5,4.2308,0,0,0,0,12.5608,0,21.829,0,,"[{'Devid': '6257ecfc0ae10f54b9067940', 'Roomid': '6259035f0ae10f54b9094adb', 'Type': 2, 'Sumpercent': 1, 'Percent': 1, 'Value': 0.11, 'Money': 5.5, 'Power': 0}]",2024-04-02T23:04:50.762+08:00,,000000000000000000000000,000000000000000000000000,2024-04-02T00:50:39.431+08:00,2024-04-02T00:50:39.431+08:00
660994bf23ca9759b539ff32,000000000000000000000000,60eebd0c0ae10f6077b53548,6607eef30ae10f73dc7ecf1c,2024-04-01,1,64,2046.82,0,0,0,0,2054.56,0,0,0,0,0,1.3,0,0,0,8.0,6.1538,0,0,0,0,13.8938,0,26.0619,0,,"[{'Devid': '6257ecfc0ae10f54b9067940', 'Roomid': '6259035f0ae10f54b9094adb', 'Type': 2, 'Sumpercent': 1, 'Percent': 1, 'Value': 0.16, 'Money': 8, 'Power': 0}]",2024-04-01T23:50:23.391+08:00,,000000000000000000000000,000000000000000000000000,2024-04-01T00:52:15.374+08:00,2024-04-01T00:52:15.374+08:00
660843b123ca9759b52c8f2b,000000000000000000000000,60eebd0c0ae10f6077b53548,6607eef30ae10f73dc7ecf1c,2024-03-31,1,64,2044.82,0,0,0,0,2046.82,0,0,0,0,0,1.3,0,0,0,0.5,0.3846,0,0,0,0,2.3846,0,3.6,0,,"[{'Devid': '6257ecfc0ae10f54b9067940', 'Roomid': '6259035f0ae10f54b9094adb', 'Type': 2, 'Sumpercent': 1, 'Percent': 1, 'Value': 0.01, 'Money': 0.5, 'Power': 0}]",2024-03-31T23:51:59.494+08:00,,000000000000000000000000,000000000000000000000000,2024-03-31T00:54:09.163+08:00,2024-03-31T00:54:09.163+08:00
6607ef0223ca9759b5214034,000000000000000000000000,60eebd0c0ae10f6077b53548,6607eef30ae10f73dc7ecf1c,2024-03-30,1,64,2044.66,0,0,0,0,2044.82,0,0,0,0,0,1.3,0,0,0,0.0,0.0,0,0,0,0,0.16,0,0.208,0,,[],2024-03-30T23:53:53.101+08:00,,000000000000000000000000,000000000000000000000000,2024-03-30T18:52:50.309+08:00,2024-03-30T18:52:50.309+08:00
